Link,Title,Location,Salary,Summary
http://kr.indeed.com/viewjob?jk=104d38fbe4ea2bcd,JAVA 개발자,지미디어 성남 분당구,,원서 및 제출서류에 허위사실이 있을 경우 채용이 취소될 수 있습니다. 인터넷·IT·통신·모바일·게임>웹프로그래머> JAVA|인터넷·IT·통신·모바일·게임>웹프로그래머>JSP|인터넷·IT·통신·모바일·게임>응용프로그래머> JAVA
http://kr.indeed.com/viewjob?jk=e4e15edf1b824d23,"INFA 대출인바운드 상담 , 프로그램개발자c++상 java상 경력 외...",드림파트너스 서울 노원구,,제목 회사소개 근무조건 근무지 : 서울 > 노원구 > 의정부 근무요일 : 주5일 근무시간 : 09시 00분 ~ 18시 30분 급여 : 평균 300만원이상 (기본급+인센티브)/개발자 통계가능자(경력직) 급여 : 평균400만원이...
http://kr.indeed.com/viewjob?jk=fee772a1147f932e,"(서울/긴급) JAVA개발자 초급,중급 인력",우성정보기술 서울 마포구,,당업무]* 서울 마포구 상암동 : JAVA개발[근무부서 및 직급/직책]직급... 실이 있을 경우 채용이 취소될 수 있습니다. 인터넷·IT·통신·모바일·게임>웹프로그래머> JAVA|인터넷·IT·통신·모바일·게임>응용프로그래머> JAVA
http://kr.indeed.com/viewjob?jk=55244237ff85bdf9,"JAVA, JAVA 신입 정규직",디비인포 서울,"연봉 25,000,000원 - 30,000,000원","주식회사 디비인포 JAVA, JAVA 신입 정규직 채용 모집부문 및 자격요건 담당업무 자격요건 인원 [담당업무] Java개발[근무부서 및 직급/직책... 웹프로그래머> JAVA|인터넷·IT·통신·모바일·게임>응용프로그래머> JAVA"
http://kr.indeed.com/viewjob?jk=46f0bee6fc8b3621,Java 기반 API 플랫폼 개발 및 운영 담당하실 신입 및 경력 인재,기웅정보통신 서울 금천구,,당업무 자격요건 인원 [담당업무] Java 기반 API 플랫폼 개발 및 운영... 게임>응용프로그래머> JAVA|인터넷·IT·통신·모바일·게임>응용프로그래머>API|인터넷·IT·통신·모바일·게임>웹프로그래머> JAVA|인터넷·IT·통신...
http://kr.indeed.com/viewjob?jk=82a3ddb4dc21acfb,Java 개발자 (통합인증 개발 및 서비스 구축),파로스인포 서울 송파구,,"템플릿 6 파로스인포 JAVA 기반 보안솔루션 개발 인력 채용 모집부문 및 자격요건 담당업무 자격요건 인원 [담당업무] Java 개발자 인력 채용... 웹프로그래밍, 웹개발[우대사항] Java / Spring 관련 프로그래밍..."
http://kr.indeed.com/viewjob?jk=444922a0396fe501,[대구]java 웹프로그래머 경력직 (정규직),산들정보통신 대구 동구,,"콘텐츠사업부]- 웹개발자- 웹프로그래머 - 응용프로그램 개발, JAVA, JSP, Java script, Spring framework,프레임워크 또는... 통신·모바일·게임>응용프로그래머> JAVA|인터넷·IT·통신·모바일·게임..."
http://kr.indeed.com/viewjob?jk=ff9834a5c0a9ca39,"[경력] S/W, MES 개발자 경력직",홍진 경기도 화성,"연봉 60,000,000원 - 100,000,000원",보처리산업기사 [장애인채용희망여부] 비희망 [병역특례] - 비희망 인터넷·IT·통신·모바일·게임>응용프로그래머>C·C++|인터넷·IT·통신·모바일·게임>응용프로그래머> JAVA|인터넷·IT·통신·모바일·게임>응용프로그래머>C#
http://kr.indeed.com/viewjob?jk=8951e07ad379f069,Java·JSP 정규직 - 신입사원(청년 내일채움공제),블루비즈넷 서울 강서구,"연봉 25,000,000원 - 26,000,000원","직무내용] 담당업무 ＊ JAVA 개발(SI,SM)지원 자격 ＊신입(사원급... 게임>웹프로그래머>JSP|인터넷·IT·통신·모바일·게임>응용프로그래머> JAVA|인터넷·IT·통신·모바일·게임>웹프로그래머>PHP |인터넷·IT·통신..."
http://kr.indeed.com/viewjob?jk=37932d2bbc2e20c5,JAVA 개발자 경력 및 신입사원 (나주혁신도시),보림정보시스템 전라남도 나주,"연봉 25,000,000원 - 30,000,000원",보림정보시스템(주) JAVA 개발자 경력 및 신입사원 모집(나주혁신도시... 위사실이 있을 경우 채용이 취소될 수 있습니다. 인터넷·IT·통신·모바일·게임>웹프로그래머> JAVA|인터넷·IT·통신·모바일·게임>웹프로그래머>JSP
http://kr.indeed.com/viewjob?jk=6e42d7aa45ff441e,[SQISOFT] 2021년 각 부문 경력직,에스큐아이소프트 서울 영등포구,,인터넷·IT·통신·모바일·게임>웹프로그래머>웹개발|인터넷·IT·통신·모바일·게임>웹프로그래머> JAVA|인터넷·IT·통신·모바일·게임>웹프로그래머>백엔드|인터넷·IT·통신·모바일·게임>웹프로그래머>프론트엔드|인터넷·IT·통신...
http://kr.indeed.com/viewjob?jk=c3060f2b3d98304f,안드로이드 앱/Java 웹 개발자,하이앤씨아이티 서울 영등포구,,담당업무][개발]- 안드로이드 앱 개발 / 안드로이드 스튜디오- 웹개발( Java)- 여의도 보험개발원 근무(1년이상)[근무부서 및 직급/직책]근무부서... 어플리케이션(App)|인터넷·IT·통신·모바일·게임>웹프로그래머> JAVA
http://kr.indeed.com/viewjob?jk=3f8eb1de24add612,디지털 플랫폼 개발 경력사원,LG전자 3.8 서울 영등포구,,"B2C 앱(커머스) 서비스 구축 및 App 경험(개발 프로젝트 기획부터 릴리스까지) - App 구축에 필수적인 JAVA, .Net, Android, iOS, Database 기술 이해 - WBS 기반의 프로젝트 일정 관리 및..."
http://kr.indeed.com/viewjob?jk=b1dbd1b3c1e13ca6,JAVA 개발자.,제이엔커리어 성남 분당구,,인원 [담당업무]* 채용분야 (1) JAVA개발자 (2) 웹프로그래머 (3... 실이 있을 경우 채용이 취소될 수 있습니다. 인터넷·IT·통신·모바일·게임>웹프로그래머> JAVA|인터넷·IT·통신·모바일·게임>응용프로그래머> JAVA
http://kr.indeed.com/viewjob?jk=e1d9fa221c1217a6,JAVA개발자 신입 및 경력직,에프엔디솔루션 서울 중랑구,"연봉 27,000,000원 - 40,000,000원",격요건 Java/Jsp프로그래머 ( 2명 )담당업무ㆍ얼굴인식기를 이용한 ERP개발 ㆍweb개발( java)자격요건ㆍ신입 : JAVA의 이해를 갖추신 분... 리기사 자격증 소지자 .-ㆍ경력 : JAVA의 이해를 갖추신 분Spring...
http://kr.indeed.com/viewjob?jk=2da33954a354326b,[싸이버원] 직무별 (정보보호/정보보안),싸이버원 서울 서초구,,"보안관제, 영업, 프로젝트 관리 및 물리진단, 개인정보보호, 인프라 진단, 모의해킹, 보안응용프로그램 개발, Java 웹 개발 / UI 개발 / 프론트엔드 개발, 솔루션 기획 우대사항 관련 자격증 보유자 커리어 양식 지원..."
http://kr.indeed.com/viewjob?jk=3a1ca670038a509c,[국내 최고회사] Front-End 개발자,인코리아 프로페셔널 성남 분당구,,통신·모바일·게임>웹프로그래머>HTML·DHTML·mHTML|인터넷·IT·통신·모바일·게임>웹프로그래머> JAVA|인터넷·IT·통신·모바일·게임>웹프로그래머>프론트엔드|인터넷·IT·통신·모바일·게임>웹프로그래머>웹개발|인터넷...
http://kr.indeed.com/viewjob?jk=435ab3980bfe52fe,빅데이터 엔지니어,케이뱅크은행 서울 중구,,인터넷·IT·통신·모바일·게임>전산·IT기술지원>IT기술지원|인터넷·IT·통신·모바일·게임>응용프로그래머> JAVA|인터넷·IT·통신·모바일·게임>응용프로그래머>Linux|인터넷·IT·통신·모바일·게임>데이터베이스·DBA>SQL
http://kr.indeed.com/viewjob?jk=da0e46387dce91ba,약학정보원 웹사업실,약학정보원 서울 서초구,,인터넷·IT·통신·모바일·게임>웹프로그래머> JAVA|인터넷·IT·통신·모바일·게임>웹프로그래머>JSP|인터넷·IT·통신·모바일·게임>응용프로그래머>자바스크립트
http://kr.indeed.com/viewjob?jk=b64146f049351231,App 및 Java개발자,파밀리데이터 안양 동안구,"월급 2,400,000원",게임>웹프로그래머>JSP|인터넷·IT·통신·모바일·게임>응용프로그래머> JAVA|인터넷·IT·통신·모바일·게임>웹프로그래머>PHP |인터넷·IT·통신... 통신·모바일·게임>웹프로그래머> JAVA|인터넷·IT·통신·모바일·게임>웹프...
http://kr.indeed.com/viewjob?jk=33d60dd4aa7e220b,[웹젠] 게임보안(경력),웹젠 성남 분당구,,AOS/IOS 어플리케이션 리버싱 가능한 분 - C/C++/Python/ Java 등 개발 능력을 보유한 분 - 암호화 / 네트워크 /DB 등 보안에... 분 - C/C++/Python/ Java 등 개발 능력을 보유한 분 - 암호...
http://kr.indeed.com/viewjob?jk=32ab1cc708eba9a3,"[광화문역/정규직]금융사 프로그램개발(C#, vb, SQL)경력직원",피플플러스 서울,"연봉 50,000,000원 - 60,000,000원",프로그래머>웹개발|인터넷·IT·통신·모바일·게임>웹프로그래머>JSP|인터넷·IT·통신·모바일·게임>웹프로그래머> JAVA|인터넷·IT·통신·모바일·게임>웹프로그래머>VB.NET|인터넷·IT·통신·모바일·게임>응용프로그래머>C#...
http://kr.indeed.com/viewjob?jk=a88c1f6300c8cb07,2021년 참저축은행 IT전산 경력,참저축은행 대구 수성구,,"우대사항 금융기관 경력 5년 이상자 JAVA, ORACLE 기술 보유 (주... 보보호, 시스템·네트워크유지보수기타: 우대사항 금융기관 경력 5년 이상자 JAVA, ORACLE 기술 보유 0 명 근무조건 고용형태: 정규직(수습기간3..."
http://kr.indeed.com/viewjob?jk=164bc2fa2e43e913,임베디드 개발 신입/경력 인턴 (정규직전환) (병역특례자 우대),스칼라웍스 서울 금천구,,모바일·게임>시스템프로그래머>임베디드(Embedded)|인터넷·IT·통신·모바일·게임>응용프로그래머>Linux|인터넷·IT·통신·모바일·게임>응용프로그래머>Windows|인터넷·IT·통신·모바일·게임>응용프로그래머> JAVA
http://kr.indeed.com/viewjob?jk=2b9e604e63e7e46d,[카카오커머스] 기술직군,카카오커머스 성남 분당구,,"감독규정, PCIDSS에 대한 실무 경험이나 이해도가 높으신 분 - JAVA, Python, shell script 등 개발 역량을 갖추신 분... 통신·모바일·게임>웹프로그래머> JAVA|인터넷·IT·통신·모바일·게임>웹프..."
http://kr.indeed.com/viewjob?jk=54e0d08c99dcf507,MI(Market Intelligence)담당 마케팅 전략 경력사원,LG전자 3.8 서울 영등포구,,"적에 대하여 1개 이상 보유 4) 우대 사항 - 통계 분석 및 프로그래밍 언어 역량 보유: R, python, Java, SPSS, Tableau, etc. - 영어 능통 역량: 해외법인과 영어 화상 회의 및 현지 임직원과의..."
http://kr.indeed.com/viewjob?jk=ec64ff91228dba04,"[인덕원역/단가협의/안드로이드/공통개발] 농협상호금융 JAVA 중,고급...",제이엠피코리아 경기도 의왕,,통신·모바일·게임>응용프로그래머> JAVA|인터넷·IT·통신·모바일·게임... 응용프로그래머>Android|인터넷·IT·통신·모바일·게임>웹프로그래머> JAVA|인터넷·IT·통신·모바일·게임>웹프로그래머>ASP|인터넷·IT·통신...
http://kr.indeed.com/viewjob?jk=6abff78d67ef2542,국내캐피탈사 리테일시스템 개발 및 운영.,제이엔커리어 서울 강남구,,"업무 시스템 개발 및 운영 경험자 - 모집부문별 5년 이상 경험자 - JAVA, ORACLE 및 Spring FrameWork 기반 개발 가능자 인크... 모집부문별 5년 이상 경험자- JAVA, ORACLE 및 Spring..."
http://kr.indeed.com/viewjob?jk=0b026279c9967e05,"IoT, VR/AR부문 C, C#, JAVA, VR/AR 개발자(경력)",노바테크 서울,,"경력자 우대합니다. (주)노바테크 IoT, VR/AR부문 C, C#, JAVA, VR/AR 개발자(경력) 모집부문 및 자격요건 담당업무 자격요건 인원... 통신·모바일·게임>응용프로그래머> JAVA|인터넷·IT·통신·모바일·게임..."
http://kr.indeed.com/viewjob?jk=9a08c916411888c4,웹·어플리케이션 개발자 및 회로설계 엔지니어,파콤 수원 장안구,,및 PCB Artwork [자격요건]ㆍ Java 개발 경력 3년 이상 인터넷... 게임>웹프로그래머>웹개발|인터넷·IT·통신·모바일·게임>웹프로그래머> JAVA|인터넷·IT·통신·모바일·게임>웹프로그래머>AJAX|인터넷·IT·통신...
http://kr.indeed.com/viewjob?jk=cd45a84b244ad253,Java 개발자 경력직,호미소프트 안양 만안구,,"Linux 시스템 운영 경험, Spring Boot로 웹Rest API 개발 가능한 자 우대사항:클라우드 환경의 백엔드 및 프론트 엔드 시스템 개발 인터넷·IT·통신·모바일·게임>웹프로그래머> JAVA"
http://kr.indeed.com/viewjob?jk=8862540bdb907ac3,"(주)미엘린소프트 웹개발, java, php 정규직 (신입/경력)",미엘린소프트 수원 영통구,,"공기청정기, 노트북 회식강요 안함, 자유복장 연차, 여름휴가 등 인터넷·IT·통신·모바일·게임>웹프로그래머>웹개발|인터넷·IT·통신·모바일·게임>웹프로그래머>PHP |인터넷·IT·통신·모바일·게임>응용프로그래머> JAVA"
http://kr.indeed.com/viewjob?jk=705295c6a68de5b2,Java Web 개발 경력직,크림솔루션 서울 구로구,"연봉 30,000,000원 - 32,000,000원","건실한 소프트웨어 개발 전문 회사입니다. 수행 업무 - 웹 어플리케이션 개발 및 유지보수 보유 Skill - Java, JavaScript, jQuery 경험자 - Spring/Spring-boot framework 경험자..."
http://kr.indeed.com/viewjob?jk=512e5c44f34a7841,"개발자, 디자이너 신입 정규직",이노다임 서울,,Android - JAVA JSP 2. 디자이너 - 웹디자인 - 시스템디자... 게임>웹프로그래머>JSP|인터넷·IT·통신·모바일·게임>웹프로그래머> JAVA|인터넷·IT·통신·모바일·게임>웹프로그래머>MiPlatform|인터넷...
http://kr.indeed.com/viewjob?jk=4e91309fc89e9534,2020년 하반기 영업/기획/마케팅/개발 부문,아우토크립트 서울 영등포구,,"Python / Flask, Java / Spring, JavaScript... 서비스용 서버 개발 - Spring Boot, Kotlin 경험자 - JAVA 개발가능자 1명 제출서류 홈페이지를 통한 입사지원서(경력자의 경우 개발..."
http://kr.indeed.com/viewjob?jk=be95b5718905880f,AI/빅데이터/클라우드 분야 (인재 Pool),LG유플러스 3.8 서울,,"전공 - 직무경험 1) 퍼블릭 클라우드(AWS, GCP등)의 다양한 솔루션을 활용하여 서비스 개발 경험자 2) Java,Python 등 프로그래밍 개발 경험 보유자 3) Container 기반 서비스 개발 및 운영 경험 보유..."
http://kr.indeed.com/viewjob?jk=69c4ff736cdf64c7,부문별 정규직 (경력),이씨에스텔레콤 서울 서초구,,"Customer Care (필드매니저) [필수사항] - OS: Linux / windows - Language: Java 3년이상 - DB: MYSQL / MS-SQL /Oracle [우대사항] - AVAYA, CISCO 등..."
http://kr.indeed.com/viewjob?jk=67b4b45ba3a82fd6,인공지능 대표기업 솔트룩스 각 부문 신입 및 경력사원,솔트룩스 서울 강남구,,"신휴가, 프로젝트 휴가 지원 * 동호회 지원 모집구분 ※ SC사업본부 JAVA 웹 개발자(과/차장), 0명 [담당업무 및 자격요건] * 경력 7년이... 및 개발 분야 [우대사항] * JAVA 사용 경험자 * 영어 능통자 우대..."
http://kr.indeed.com/viewjob?jk=4a7e33903f6d7b97,[빅데이터플랫폼] 데이터 엔지니어,한국카카오은행 성남 분당구,,DBA|인터넷·IT·통신·모바일·게임>데이터베이스·DBA>SQL|인터넷·IT·통신·모바일·게임>응용프로그래머> JAVA|인터넷·IT·통신·모바일·게임>웹프로그래머> JAVA|인터넷·IT·통신·모바일·게임>통신·모바일>플랫폼(VM)
http://kr.indeed.com/viewjob?jk=9d628088573c9ca6,"컴퓨터, 프로그래밍 강사 신입/경력 정규직 및 파트타임",잼코딩목동캠퍼스 서울 양천구,,"능자 [웹프로그래밍] - jsp, java, ASP / PHP 개발 능숙자... 자격요건] - 대졸 이상 ( 4년 ) - 프로그래밍 언어 가능자 [C, JAVA 등] [우대사항] - 전기/전자/컴퓨터/정보통신 등의 IT 관련학과..."
http://kr.indeed.com/viewjob?jk=2120aee1f798ec41,"웹개발, 운영 신입/경력직",파인랩 서울 강남구,"연봉 28,000,000원 - 60,000,000원","2년 이상) 학력사항: 대학졸업 이상 직무기술: 웹개발 [필수 조건] - JAVA, JSP - Oracle [우대 사항] 보험 및 금융 웹 관련 운영... 웹프로그래머>JSP|인터넷·IT·통신·모바일·게임>웹프로그래머> JAVA"
http://kr.indeed.com/viewjob?jk=3841ef26345e1c99,"JAVA, 웹개발 경력 정규직, 계약직, 프리랜서 - 외국계 금융회사 개...",씨앤노마드 서울 중구,"연봉 60,000,000원 - 70,000,000원","금융회사 운영 경험자 주식회사 씨앤노마드 JAVA, 웹개발 경력 정규직, 계약직... 정보- DB: oracle- WEB: WebToB... jeus- java, spring framework, Mybatis, ax5ui (ax5..."
http://kr.indeed.com/viewjob?jk=7be13aae12746c81,JAVA 경력 계약직,의료법인 나래의료재단 나래의원 안양 동안구,,"인원 EMR, CRM, ERP시스템 개발 및 유지보수 [현재기술스택] java, spring, jpa, jquery, handblebar.js, vue... 됩니다.[자격요건] 인터넷·IT·통신·모바일·게임>응용프로그래머> JAVA"
http://kr.indeed.com/viewjob?jk=2aafa4758d58da3d,"[W컴퓨터학원] C언어, JAVA 기초 강의 진행 강사",더블유컴퓨터아트학원 서울 종로구,,"(주) 더블유컴퓨터아트학원 C언어, JAVA 강사 채용 모집부문 및 자격요건 담당업무 자격요건 인원 C언어, JAVA 강의 [자격요건]경력사항: 신입... 통신·모바일·게임>응용프로그래머> JAVA|인터넷·IT·통신·모바일·게임..."
http://kr.indeed.com/viewjob?jk=ddac7f7b72c3e6c0,JAVA/JSP 웹프로그래머(경력),니트로아이 수원 팔달구,"연봉 21,960,000원 - 60,000,000원",직무내용] JAVA/JSP 웹프로그램 개발자 모집Spring(전자정부표준프... 게임>웹프로그래머>JSP|인터넷·IT·통신·모바일·게임>응용프로그래머> JAVA|인터넷·IT·통신·모바일·게임>웹프로그래머>PHP |인터넷·IT·통신...
http://kr.indeed.com/viewjob?jk=ca086d02b836cac2,"[광주광역시] 웹개발자 경력자 (프론트엔드, JAVA 등)",엠알티 광주 북구,"연봉 40,000,000원 - 80,000,000원",웹 서비스를 개발 자격요건ㆍC/C++ㆍ JAVAㆍMySQLㆍ[경력] 풀스택... 게임>웹프로그래머>JSP|인터넷·IT·통신·모바일·게임>응용프로그래머> JAVA|인터넷·IT·통신·모바일·게임>웹프로그래머>PHP |인터넷·IT·통신...
http://kr.indeed.com/viewjob?jk=5158175feb7b77e8,"경력사원 상시채용(웹/모바일 개발, 인프라/보안)",현대아이티엔이 서울 대치동,,"신규 비즈니스 개발 프로젝트 수행 기술요소 -웹 서비스 개발 능숙자( JAVA, JSP, Jquery, EJB, C언어, ASP.NET) -모바일... 프로그램(Python,, C, JAVA) 보안 개발 및 시큐어 코딩 가능자..."
http://kr.indeed.com/viewjob?jk=71824dafdee5b471,JAVA Spring Framework 개발자 (신입-청년내일채움 / 경...,브로넥스 수원 영통구,"연봉 24,000,000원","보수 지원 필요역량 - JAVA/Spring/RESTfull 프로그래머 - Spring boot, Maven, Gradle 환경 개발 - RESTfull API 개발 - Mysql, mariadb 사용 - Java/JSP..."
http://kr.indeed.com/viewjob?jk=3d0cc83899a9b37f,[개발]CI/CD 엔지니어(정규직),위메프 2.8 대한민국,,"기반의 서비스 배포 경험이 있는 분 [우대사항] - kubernetes 기반 서비스 운영경험이 있는 분 - JAVA, python 등 웹어플리케이션용 개발언어 1개 이상 경험이 있는 분 - 네트워크, 리눅스 기반 관련 지식..."
http://kr.indeed.com/viewjob?jk=7c3d70d27dc124e2,물류 System 개발자 신입 및,이베이 코리아 서울 강남구,,"효율화 등 생산성 향상 관리 [필수/우대사항] - 총 경력 : 신입 ~ 경력 5년 이내 - C#, JAVA, Node.js 등을 이용한 개발 경험 - MS SQL, Oracle 이용 개발 경험 - Web Service..."
http://kr.indeed.com/viewjob?jk=3a30d4c7e59435c7,제주 국제학교 영어교육도시 위치 컴퓨터 전문 교육기관,스마트에듀학원 서귀포 서귀포시,,"제출가능자- 컴퓨터 전공, 디자인전공자 우대- 엔트리, 스크래치 블럭코딩, PPT 강사 1명- Python, Java, C언어와 같은 프로그램 강사 1명- 포토샵, 일러스트, 프리미어 강사 1명- 디지털아트, 라인드로잉,웹툰..."
http://kr.indeed.com/viewjob?jk=fbf982b1f1da7998,Java spring tomcat jquery jsp 웹프로그래머 경력자,제이에스비엠디 경기도 광명,"연봉 36,000,000원 - 42,000,000원",[직무내용] <Spring기반 웹개발 경력자 채용>( Java spring tomcat jquery jsp 웹프로그래머 경력자 채용)<자격조건>전문대졸... 병역특례] - 비희망 인터넷·IT·통신·모바일·게임>응용프로그래머> JAVA
http://kr.indeed.com/viewjob?jk=649ccf047c868778,"금융 데이터 분석 엔진, 로보어드바이저 개발자",에스비씨엔 서울 영등포구,,"개발, 분산 시스템, 머신러닝, 자연어처리. 패턴분석 - 다음 언어에서 최소 한 가지 이상 능숙자: Java, C++, Python, JavaScript 우대사항 - 석사이상 컴퓨터공학 (Computer Science..."
http://kr.indeed.com/viewjob?jk=f3f5d121449821d7,"JAVA, JSP 웹 프로그램 경력 정규직",니트로아이 수원 팔달구,,"(주)니트로아이 JAVA, JSP 웹 프로그램경력 정규직 채용 모집부문 및 자격요건 담당업무 자격요건 인원 [담당업무]전자정부표준프레임워크 JAVA / JSP... 통신·모바일·게임>웹프로그래머> JAVA|인터넷·IT·통신·모바일·게임>웹프..."
http://kr.indeed.com/viewjob?jk=c721e9c6f6b97595,HW/SW 분야 직무 교육 전문강사,에이치에스글로벌 서울 강남구,,있습니다. 인터넷·IT·통신·모바일·게임>응용프로그래머>C·C++|인터넷·IT·통신·모바일·게임>응용프로그래머> JAVA|인터넷·IT·통신·모바일·게임>응용프로그래머>인공지능(AI)|인터넷·IT·통신·모바일·게임>빅데이터·AI...
http://kr.indeed.com/viewjob?jk=d917ed88ea21fd17,[ 아이콘트롤스 ] 2020년 경력 직원 (기술연구소) 연구개발부문,HDC아이콘트롤스 성남 분당구,,"이상 - 프로그램 개발(Python, Java) 능력 보유 - 대용량 데이... 대한 유경험자 우대 -Android Native App 개발역량 보유 - JAVA, Kotlin 을 활용한 상용화 개발 역량 (AWS 유경험자 우대..."
http://kr.indeed.com/viewjob?jk=b4c6146c52b4dc2b,(주)테라젠바이오 데이터과제팀 계약직,테라젠바이오 수원 영통구,,"ES6+ 사용 경험 - Java, PHP 중 한 가지 이상의 경험... 기타: - Front-end Framework, ES6+ 사용 경험 - Java, PHP 중 한 가지 이상의 경험 - RESTful API에 대한..."
http://kr.indeed.com/viewjob?jk=db59da15f5da4a41,2021년 상반기 프로그래머,코리아허브 서울 영등포구,"월급 2,000,000원",게임>웹프로그래머>JSP|인터넷·IT·통신·모바일·게임>응용프로그래머> JAVA|인터넷·IT·통신·모바일·게임>웹프로그래머>PHP |인터넷·IT·통신... 통신·모바일·게임>웹프로그래머> JAVA|인터넷·IT·통신·모바일·게임>웹프...
http://kr.indeed.com/viewjob?jk=a5f72db70e317024,[카카오톡] 콘텐츠 구독 서비스 개발자 모집,카카오 4.0 성남 판교역,,"공학(운영체제, 알고리즘, 자료구조, OOP) 기초 지식 필수 생산적이고 유쾌한 커뮤니케이션 기술을 가진 분 Java & Spring Framework 기반 웹서비스 개발 경험 Linux 플랫폼에서 웹 서비스 개발/운영 경험..."
http://kr.indeed.com/viewjob?jk=cc2d10430acc3342,웹개발 신입 /경력 정규직,디시젼 서울 종로구,"연봉 24,000,000원 - 35,000,000원",정규직 채용 모집부문 및 자격요건 담당업무 자격요건 인원 [담당업무]서비스 및 솔루션 개발 - .Net/ Java/ Spring/ Front 개발/ 시스템 개발/ 응용프로그램 등[근무부서 및 직급/직책]근무부서: 개발팀직급...
http://kr.indeed.com/viewjob?jk=c50980a13561ae0d,기술연구소 웹개발(JAVA/ASP/Python) 및 웹디자이너,엔잡얼라이언스 서울 금천구,"월급 2,000,000원","직무내용] Java 기반 웹개발, 모바일웹개발 및 유지보수Python 및 AI 개발자, 딥러닝/머신러닝 활용, TensorFlow 활용웹디자인 웹퍼블리싱ASP, MS-SQL기반 웹프로그램 개발 [근무시간 및 형태] 주 5일..."
http://kr.indeed.com/viewjob?jk=3a59f022da58ae1b,"JAVA/JSP 웹 프로그램 개발자 경력(정규직, 병역특례)",니트로아이 수원 팔달구,,"루션개발 ( JAVA,JSP), 웹개발( JAVA), JAVAWEB, Java 개발, JAVA 개발자, 웹 개발( Java), JAVA 웹개발자, JAVA웹 중급개발자, 전자정부프레임워크, Spring Framework, Java..."
http://kr.indeed.com/viewjob?jk=8028c8021ea1f6e5,[신입/경력] 파이썬 백엔드 웹 개발자,파인헬스케어 서울 성동구,,게임>웹프로그래머>JSP|인터넷·IT·통신·모바일·게임>응용프로그래머> JAVA|인터넷·IT·통신·모바일·게임>웹프로그래머>PHP |인터넷·IT·통신... 통신·모바일·게임>웹프로그래머> JAVA|인터넷·IT·통신·모바일·게임>웹프...
http://kr.indeed.com/viewjob?jk=089931931a0474d5,소형전지사업부/기술혁신센터,삼성SDI 3.9 충청남도 천안,,"OHT 등) 천안 전공분야 - 컴퓨터/시스템 전자/전기 기계/산공 전문지식 - Java, C#, C++, Python - Oracle (PL/SQL) - Automod, VisualComponent..."
http://kr.indeed.com/viewjob?jk=5b30f6a2b70215f5,[개발]위메프 서버개발자(정규직),위메프 2.8 대한민국,,"[담당업무] - 위메프 전사 서비스 개발 및 운영 [자격사항] - Java/Spring framework,boot 서버 개발 경력 2년 이상 (10년 이상 팀장급 검토 가능) - API 개발 경험이 있는 분 - 각종 RDB..."
http://kr.indeed.com/viewjob?jk=e9064deeea1ba50d,"웹개발, JSP 외 신입/경력 정규직",지트파워 서울 금천구,,인터넷·IT·통신·모바일·게임>웹프로그래머>웹개발|인터넷·IT·통신·모바일·게임>웹프로그래머>JSP|인터넷·IT·통신·모바일·게임>웹프로그래머> JAVA
http://kr.indeed.com/viewjob?jk=51523004fca1b290,"안드로이드 개발, 웹서버 개발 신입/경력 정규직",시내&들 서울 송파구,,인터넷·IT·통신·모바일·게임>응용프로그래머> JAVA|인터넷·IT·통신·모바일·게임>응용프로그래머>Android|인터넷·IT·통신·모바일·게임>응용프로그래머>자바스크립트|인터넷·IT·통신·모바일·게임>웹프로그래머>PHP...
http://kr.indeed.com/viewjob?jk=6498cd784f804975,[개발팀] 에디봇 서비스 개발자 (Javascript/HTML5/CSS3...,심플렉스 서울 동작구,,"관심 우대요건 - E-commerce에 대한 높은 이해도 - 새로운 개발언어에 유연한 사용 역량 - 통계 혹은 데이터분석 프로젝트 경험 - AWS 사용 경험 - PHP, JAVA 백엔드 경험 - 장애인 및 보훈 대상자"
http://kr.indeed.com/viewjob?jk=02bcd7b6412d1db9,자율주행연구팀 연구사원 (신입/경력),소네트 대구 달성군,,우대사항 - 운전 가능자 - JAVA / python 언어 사용 가능자... Unix·Linux)|인터넷·IT·통신·모바일·게임>응용프로그래머> JAVA|인터넷·IT·통신·모바일·게임>응용프로그래머>로봇지능개발자|인터넷...
http://kr.indeed.com/viewjob?jk=1c2dec1a2156f6aa,(데이터개발) API플랫폼 개발자,Nexon 성남 분당구,,"service architecture를 구현하고 이를 효과적으로 관리할 수 있는 기반 개발 지원자격 - Java, Go, Python 중 한 가지 이상의 언어를 이용한 웹 서비스 개발 경험이 있으신 분 - MySQL 등의..."
http://kr.indeed.com/viewjob?jk=e4859fe883fdace6,NGSM팀 백엔드/프론트엔드 개발자,Nexon 성남 분당구,,기반의 모바일 게임보안 플랫폼) 백엔드/프론트엔드 개발 및 운영 지원자격 - 관련 직군 3년 이상 경력 - Java & Spring Boot Framework 환경에서의 프로그래밍 능력 - Restful API 설계 및...
http://kr.indeed.com/viewjob?jk=69cf2a72f6f88550,빅데이터 분석/AI 솔루션 개발자,이씨마이너 서울 강남구,"연봉 30,000,000원 - 35,000,000원",2차 면접 인터넷·IT·통신·모바일·게임>응용프로그래머>C·C++|인터넷·IT·통신·모바일·게임>응용프로그래머> JAVA|인터넷·IT·통신·모바일·게임>응용프로그래머>Visual C++(MFC·ATL)|인터넷·IT·통신·모바일...
http://kr.indeed.com/viewjob?jk=8ad5b34f635a8cd0,(주)퓨어스마트 스마트카드 COS(Chip Operating System...,퓨어스마트 서울 강남구,,"- 스마트카드 관련분야 3년 이상 근무자 - 스마트카드 Native OS 개발 가능자 (또는 스마트카드 JAVA Applet 개발 가능자), C/C++ 개발 가능자 - 전공계열 (전기/전자공학/컴퓨터/시스템공학) 전자·기계·기술..."
http://kr.indeed.com/viewjob?jk=9dabe5da034450e6,Java 개발자 신입 및 경력,신일이앤씨 서울 공덕동,"연봉 26,000,000원","14 (공덕동) .. 인근지하철 직무내용 * 웹기반 / Spring Boot framework 사용 / JAVA, MySQL 경력조건 무관 필요경력 자격면허 1 자동차운전면허 병역 마침 병역 특례 무관 외국어 능력 컴퓨터..."
http://kr.indeed.com/viewjob?jk=4123876dfea9b710,윈도우 응용소프트웨어 개발외 각 부문,씨케이다 서울 금천구,,"전공 : 컴퓨터 공학 관련학과 필수요건 - ASP, JSP, PHP, Java, MySQL, Javascript 개발가능자 - 소프트웨어공학 실무우대... 통신·모바일·게임>웹프로그래머> JAVA|마케팅·광고·홍보·조사>마케팅>해외마케팅"
http://kr.indeed.com/viewjob?jk=1153824b4cb9f3a8,사내 계정 플랫폼 개발 및 운영 담당자 모집,카카오 4.0 성남 판교역,,"LDAP 구축 및 개발 업무 요청, 변경, 처리 등 워크플로우 자동화 지원자격 개발 경력 만 5년 미만 Java 기반 웹 어플리케이션 개발 역량을 보유하신 분 (신입 또는 경력) 원활한 커뮤니케이션 능력 보유자 사내..."
http://kr.indeed.com/viewjob?jk=2354690738b316c1,(주)케이에스넷 신입 및 경력사원 모집,케이에스넷 서울 서초동,,"Java , C, RDBMS 가능자 - RESTful 서비스 개발 경험자 - Spring Framework개발 경험자 - VAN/PG/전자상거래 가맹점정산/신용카드 매입 프로그램 개발 경험자 우대 - Java 언어..."
http://kr.indeed.com/viewjob?jk=4958fe7f786a8766,"[신입/경력] 금융권 솔루션 개발 및 개발자(JAVA, C, DB, ET...",트리아 서울,,"금융권 솔루션 개발 및 개발자( JAVA, C, DB, ETL, Web... 채용이 취소될 수 있습니다. 인터넷·IT·통신·모바일·게임>웹프로그래머> JAVA|인터넷·IT·통신·모바일·게임>웹프로그래머>JSP|인터넷·IT·통신..."
http://kr.indeed.com/viewjob?jk=e85e6f29a6b0e5f2,"SW개발, 시스템유지보수 외 신입/경력 정규직",다올플러스 대구,"연봉 25,000,000원 - 30,000,000원","업무]ㆍS/W개발, 시스템 유지보수ㆍ Java, Spring 전자정부 표준프... 게임>웹프로그래머>JSP|인터넷·IT·통신·모바일·게임>웹프로그래머> JAVA|인터넷·IT·통신·모바일·게임>웹프로그래머>Python|인터넷·IT·통신..."
http://kr.indeed.com/viewjob?jk=78353e688ba8a77c,소프트웨어 개발자 신입/경력,핸디소프트 안양 동안구,,신입/경력 채용 인터넷·IT·통신·모바일·게임>웹프로그래머>백엔드|인터넷·IT·통신·모바일·게임>웹프로그래머> JAVA|인터넷·IT·통신·모바일·게임>ERP·시스템분석·설계>AWS|인터넷·IT·통신·모바일·게임>응용프로그래머>클라우드
http://kr.indeed.com/viewjob?jk=c0e0dfb0e7ae9f7f,연구센터 데이터 엔지니어 경력자,LG전자 3.8 서울특별시,,"Analysis/Modeling 등) . Unix/Linux 개발 환경에 익숙하고, Python 혹은 Java 등 프로그래밍 언어에 익숙 . GIT, BitBucket 기반 Source code management 경험..."
http://kr.indeed.com/viewjob?jk=80e2c8dfb54e6fa6,"건강관리 플랫폼 개발 펌웨어, css 외 경력 정규직",지피헬스 성남 분당구,"연봉 40,000,000원 - 50,000,000원",허위사실이 있을 경우 채용이 취소될 수 있습니다. 인터넷·IT·통신·모바일·게임>소프트웨어·하드웨어>펌웨어|인터넷·IT·통신·모바일·게임>HTML·퍼블리싱·UI개발>css|인터넷·IT·통신·모바일·게임>응용프로그래머> JAVA
http://kr.indeed.com/viewjob?jk=fdd1ec500461c093,"프론트엔드, 백엔드 개발 경력 정규직",토이스미스 서울 강남구,,"l 자료구조 및 알고리즘에 대한 이해 (스택 & 큐 & 데이터 풀) l JAVA 혹은 Node.js 중 하나 이상의 언어에 능숙 l REST API에... 이외의 개발언어 능력 ( JAVA, TypeScript, Python 등..."
http://kr.indeed.com/viewjob?jk=e6e3a5effcabf894,TOAST CAM 개발자,NHN 4.4 성남 판교역,,서버 개발] Job Description 자격요건 우대사항 - Java 스프링 프레임워크 기반 서버 개발 - 분산/대용량 서비스 구축/운영 - Java 개발 경력 5년 이상 - 분산/대용량 처리 기술 보유자...
http://kr.indeed.com/viewjob?jk=afe92c03320fe1b3,카카오 광고 서비스 알고리즘 및 시스템 개발,카카오 4.0 성남 판교역,,"갖춘 분과 함께 하고 싶습니다. 지원자격(공통) 하나 이상의 프로그래밍 언어에 익숙한 분 (C/C++, Java, Python, Go, Scala 등) [알고리즘 개발 업무 관련 지원 경우] 데이터 마이닝 또는 머신러닝..."
http://kr.indeed.com/viewjob?jk=5dff558bea05fb35,클라우드 아키텍트,Nexon 성남 분당구,,"Cloud 기반 상용 솔루션/서비스 Workload 최적화 및 Architecture 개선 경험 - Java, C/C++ 등 프로그래밍 역량 및 상용 솔루션/서비스 프로그램 개발 경험 우대사항 - 학력/전공: 학사 이상..."
http://kr.indeed.com/viewjob?jk=7a74e25fd47df385,광고서버 코어 개발 및 운영,아프리카TV 경기도 성남,,"환경에서 쿠버네티스 운영 - 서비스 유형별 컨테이너 이미지 생성 및 관리, 배포 [자격요건] - Java, Spring framework 능숙하신 분 - jQuery, JavaScript 능숙하신 분 - MySQL..."
http://kr.indeed.com/viewjob?jk=649d2cc3049591a2,"JAVA [구로동,6개월,중급-고급]",데이터윙스 서울 구로구,,"현재 설계는 완료됨) - 스킬: Java, Spring - 등급: 중급... 통신·모바일·게임>웹프로그래머> JAVA|인터넷·IT·통신·모바일·게임>웹프로그래머>프론트엔드|인터넷·IT·통신·모바일·게임>응용프로그래머> JAVA"
http://kr.indeed.com/viewjob?jk=73e20efb3932c7eb,[한화호텔&리조트] IT 담당 경력 모집,한화그룹 4.2 서울,,63빌딩 leesongmi12@hanwha.com(HR팀) 응시 자격 [자격요건] • 경력 5년 이상 • Java platform 기반 웹 서비스 개발 및 백엔드 시스템 구축 경력자 • DB SQL 작성 능숙하신 분 [근무...
http://kr.indeed.com/viewjob?jk=5f3fbbcdfba8965a,JT친애저축은행 [업무개발자] 경력직원,JT친애저축은행 서울,,선임 / 일반 공통 - JAVA / JSP (프레임워크(spring) 및 솔루션 기반) 금융 여/수신 업무 개발 [자격요건]· 선임 개발자 : 경력 7년 이상· 일반 개발자 : 경력 3년 이상· JAVA / JSP 사용 개발...
http://kr.indeed.com/viewjob?jk=57bdd7637eb78455,테크빌더팀 웹(프론트/백엔드)개발,Nexon 성남 분당구,,"Angular와 같은 프레임워크로 웹서비스 혹은 웹앱을 개발해 보신 분 * 백엔드 - Python, Java, C# 중 한 가지 이상의 언어로 개발이 가능하신 분 - DB관리에 대한 기본적인 지식과 역량을 갖추신 분..."
http://kr.indeed.com/viewjob?jk=0f610a242d5f8039,[베네통코리아/Benetton Korea] IT 웹개발,베네통코리아 서울 서초구,,"through Web technology [자격 요건] - 1년 이상의 Java, JavaScript, HTML, SQL 사용 경험 - 1년 이상의... 통신·모바일·게임>웹프로그래머> JAVA|인터넷·IT·통신·모바일·게임>웹프..."
http://kr.indeed.com/viewjob?jk=2cf2b8f5bd6504fc,Back-end 개발자,코그넷나인 서울 서초구,,"Golang, 개발 Platform : Linux CentOS7 우대 사항 : C/C++(필수), Java, Java-Script, RESTful API, Docker, AWS, Azure, GCP [자격요건] 경력사항..."
http://kr.indeed.com/viewjob?jk=a38d00971a5a50e8,카카오톡 안드로이드 클라이언트 개발자 모집,카카오 4.0 성남 판교역,,"라이언트 안드로이드 버전 개발 지원자격 ✔ 안드로이드 클라이언트 개발 #필요 기술셋 및 지원 자격 Java, Kotlin 신입 및 경력연차 무관 #우대사항 최신개발 동향에 관심이 많은 분 목표지향적인 사고와 실행..."
http://kr.indeed.com/viewjob?jk=215f7cd2840b7871,JAVA 증권업무개발-판교,연우정보기술 성남 분당구,,"웹프로그래밍] - 웹프로그래밍 JAVA 증권 신사업시스템 개발업무- 판교... 부터 진행중,중간투입임) 초급~고급 0명 JAVA 증권업무 경력자(매매관리,증권관리시스템등) - JAVA 및 증권업무 개발경력 자 필수 - 판교 근무..."
http://kr.indeed.com/viewjob?jk=8e5f8b2ca8ad6a85,[오픈멤버] 백엔드(JAVA) 경력 정규직,스너그스튜디오 서울 강남구,"연봉 45,000,000원 - 65,000,000원",(주)스너그스튜디오 [오픈멤버채용] 백엔드( JAVA) 개발자 모집 (주)스너그스튜디... 있습니다! 많은 지원 부탁드립니다 :D 모집부문 및 자격요건 담당업무 ㆍ JAVA 기반의 웹서비스 개발 및 운영 ㆍAWS 클라우드 기반의 웹서비스 운영...
http://kr.indeed.com/viewjob?jk=39ccd72cab530083,의료기기 기구설계 정규직,다인그룹 경기도 김포,,"처리 경험자• 이미지 가공 및 처리 경험자• 하드웨어 입력 처리 경험자• 경력: 3년~10년[우대사항]• Java, Python, C++, C# 최소한 한가지 이상의 주요 언어에 능통하신 분• PACS, DICOM, HL7..."
http://kr.indeed.com/viewjob?jk=12853cce73890f10,"JAVA, NEXACRO [여의도,6개월]",데이터윙스 서울 영등포구,,"6월 ~ 6개월 - 필요기술 : JAVA/JSP, NEXACRO - 우대사... 통신·모바일·게임>웹프로그래머> JAVA|인터넷·IT·통신·모바일·게임>웹프로그래머>프론트엔드|인터넷·IT·통신·모바일·게임>응용프로그래머> JAVA"
http://kr.indeed.com/viewjob?jk=bed9e06d63a37482,IT 강소기업 JAVA 솔루션 개발자 (경력직) (성수동),휴먼브릿지앤코 서울,"연봉 50,000,000원 - 60,000,000원",강소기업 JAVA 솔루션개발(경력직) 채용(성수동) 모집부문 및 자격요건 담당업무 자격요건 인원 JAVA 웹 개발 자사S/W 개발(Web 개발... 통신·모바일·게임>응용프로그래머> JAVA|인터넷·IT·통신·모바일·게임...
http://kr.indeed.com/viewjob?jk=6ac83986c1779aee,프로그래머 (어플리케이션 개발자 또는 웹개발자),오너클랜 서울 금천구,,또는 웹개발자) 모집분야 및 자격요건 모집분야 및 자격요건모집분야 인터넷·IT·통신·모바일·게임>응용프로그래머> JAVA|인터넷·IT·통신·모바일·게임>응용프로그래머>C·C++|인터넷·IT·통신·모바일·게임>응용프로그래머>자바...
http://kr.indeed.com/viewjob?jk=20461a6a5f4225fa,[코리아소프트] Java 개발자,코리아소프트 인천 부평구,,"템플릿 6 코리아소프트(주) JAVA, 웹개발 경력 정규직 채용 모집부문... 위사실이 있을 경우 채용이 취소될 수 있습니다. 인터넷·IT·통신·모바일·게임>웹프로그래머> JAVA|인터넷·IT·통신·모바일·게임>웹프로그래머>웹개발"
http://kr.indeed.com/viewjob?jk=ad8de3a87bac907c,"[인공지능기업] C#,DLL 정규직",머니브레인 서울,,학력무관 - 윈도우즈 DLL 개발 - Java로 된 SDK를 윈도우로 포팅... 자격요건]- 경력: 5년↑- 학력 : 학력무관- 윈도우즈 DLL 개발- Java로 된 SDK를 윈도우로 포팅- DLL은 시작 요청을 받으면 특정 위치...
http://kr.indeed.com/viewjob?jk=24de494142de2f4c,벤처기업 java 개발자,피액스인터내셔날 서울 강남구,"연봉 50,000,000원 - 60,000,000원","<채용분야> java 개발자채용<업무>ㆍ JAVA, SpringㆍDB설계 및 개발ㆍAWS Server환경ㆍRESTful API 개발<자격>ㆍ3년이상ㆍ대졸이상 인터넷·IT·통신·모바일·게임>웹프로그래머> JAVA|인터넷·IT·통신..."
http://kr.indeed.com/viewjob?jk=12ddc3d68d9cafaa,"웹개발, JAVA 경력 정규직",에임즈인터내셔널코리아 서울 서초구,,"(주)에임즈인터내셔널코리아 웹개발, JAVA 경력 정규직 채용 모집부문 및... 팀원, 파트장 [자격요건] -유관 업무경력 4~10년 대리~과장급 - Java웹개발 경력 -Spring, Spring boot MVC 모델 프레임워크..."
http://kr.indeed.com/viewjob?jk=11f4e5048af50bfe,"JAVA, C언어, 암호화모듈 솔루션 개 개발자 신입 및 경력",이지서티 서울 구로구,,"(주)이지서티 JAVA, C언어, 암호화모듈 솔루션 개발자 신입 및 경력직 채용공고 모집부문 및 자격요건 담당업무 자격요건 인원 [담당업무] 제품개발, 솔루션 개발(C, JAVA) [근무부서 및 직급/직책] 근무부서: 제품개발..."
http://kr.indeed.com/viewjob?jk=cdc691cace5e9b21,"WEB개발(JAVA, JSP) 경력 정규직, 프리랜서",에이앤티솔루션 성남 분당구,,"0명모집영역 : - WEB개발자( JAVA, JSP): 0명(경력:3년 이상... 채용이 취소될 수 있습니다. 인터넷·IT·통신·모바일·게임>웹프로그래머> JAVA|인터넷·IT·통신·모바일·게임>웹프로그래머>JSP|인터넷·IT·통신..."
http://kr.indeed.com/viewjob?jk=b2cd16dc432e4088,"OO캐피탈 관련 JAVA 신입/경력 정규직, 프리랜서",비즈시스템 서울 강남구,,"(주)비즈시스템 JAVA 신입/경력 정규직, 프리랜서 채용 모집부문 및... 자격요건 ㆍ학력 : 학력무관 ㆍ경력 : 경력5년↑ 필요기술 ㆍ JAVA, JAVASCRIPT, Oracle, 대내외 인터페이스 등 우대사항..."
http://kr.indeed.com/viewjob?jk=c30199c246d18ea8,[정규직] 웹개발자 경력직,링크프라이스 서울 금천구,,웹프로그래머> JAVA|인터넷·IT·통신·모바일·게임>웹프로그래머>Python|인터넷·IT·통신·모바일·게임>웹프로그래머>HTML·DHTML·mHTML|인터넷·IT·통신·모바일·게임>응용프로그래머> JAVA|인터넷·IT·통신...
http://kr.indeed.com/viewjob?jk=60c16fae444cf985,자바 Java 경력10년 이상 개발자 프로그래머,스마트컨버전스 수원 영통구,,"자바 Java 경력10년 이상 개발자 프로그래머 모집부문 및 자격요건 담당업무 자격요건 인원 [담당업무] JSP, JQUERY, Java script... JAVASCRIPT, 자바, JAVA, JQUERY [우대사항] 전공계열..."
http://kr.indeed.com/viewjob?jk=9a7af9ae4b6f9f22,농심엔지니어링 솔루션사업팀 IT개발 경력직 수시,농심엔지니어링 서울 동작구,,열정이 있는 인재 여러분을 기다립니다. 채용구분지원분야 담당업무 인터넷·IT·통신·모바일·게임>응용프로그래머> JAVA|인터넷·IT·통신·모바일·게임>응용프로그래머>C#|인터넷·IT·통신·모바일·게임>데이터베이스·DBA>MS...
http://kr.indeed.com/viewjob?jk=5a040eb669eb48aa,[휴먼컨설팅그룹] e-HR 시스템 구축 (Java기반) 경력직,휴먼컨설팅그룹 성남 분당구,,"그룹] e-HR 시스템 구축 ( Java기반) 경력직 ㈜휴먼컨설팅그룹(HCG... 자격요건 담당업무 자격요건 인원 [담당업무] ㆍe-HR 시스템 구축 : Java기반 웹 개발 ㆍPL, PM : e-HR 솔루션 프로젝트 사업관리 및..."
http://kr.indeed.com/viewjob?jk=11d42b6a0ccee939,JAVA 기반 웹개발자 정규직 .,에이머쉬 서울 금천구,"연봉 40,000,000원 - 52,000,000원",경험자 우대 에이머쉬(주) JAVA 기반 웹개발자 정규직 채용 모집... 통신·모바일·게임>웹프로그래머>웹개발|인터넷·IT·통신·모바일·게임>웹프로그래머> JAVA|인터넷·IT·통신·모바일·게임>응용프로그래머> JAVA
http://kr.indeed.com/viewjob?jk=81a195daa31064cd,"국내캐피탈사 채널(웹, 앱) 시스템 개발 및 운영.",제이엔커리어 서울 강남구,,및 제출서류에 허위사실이 있을 경우 채용이 취소될 수 있습니다. 인터넷·IT·통신·모바일·게임>웹프로그래머> JAVA|인터넷·IT·통신·모바일·게임>웹프로그래머>웹개발|인터넷·IT·통신·모바일·게임>통신·모바일>스마트폰 어플리...
http://kr.indeed.com/viewjob?jk=d7e69e0f9a80c166,"(주)엘앰캐드 웹 프로그래머(JAVA, Spring, Javascript...",엘앰캐드 서울 강남구,,"PDM 및 PLM 유경험자, ES6 숙련자 우대 인터넷·IT·통신·모바일·게임>웹프로그래머>프론트엔드|인터넷·IT·통신·모바일·게임>게임(Game)>서버·네트워크개발"
http://kr.indeed.com/viewjob?jk=7538ee39e962defd,2021년 정규직 개발자,팅스나인 서울 종로구,,있습니다. 인터넷·IT·통신·모바일·게임>웹프로그래머>웹개발|인터넷·IT·통신·모바일·게임>웹프로그래머> JAVA|인터넷·IT·통신·모바일·게임>응용프로그래머>Android|인터넷·IT·통신·모바일·게임>응용프로그래머>iOS...
http://kr.indeed.com/viewjob?jk=f8f5b678c5564e1e,"웹개발, JAVA 신입/경력 정규직",피디시스템 서울 금천구,"연봉 26,000,000원 - 27,000,000원","피디시스템 웹개발, JAVA 신입/경력 정규직 채용 모집부문 및 자격요건 담당업무 자격요건 인원 [담당업무] 웹개발 / java 프로그래머 [근무부서... 웹프로그래머>웹개발|인터넷·IT·통신·모바일·게임>응용프로그래머> JAVA"
http://kr.indeed.com/viewjob?jk=1806287902a1a36e,[데이터센터] (경력/신입) 카카오 데이터센터 Data Scientist...,카카오 4.0 성남 판교역,,"가치로 변모할 수 있는 그 가능성에 집중합니다. 지원자격 필수사항 Go, Python, Scala, Java, C/C++ 중 하나 이상의 언어에 능숙하신 분 SQL 또는 HiveQL에 능숙하신 분 통계 / 머신러닝에..."
http://kr.indeed.com/viewjob?jk=31c8ae4a133b5147,SW(모바일앱 및 웹개발) 신입/경력 정규직 개발자,더조인 서울 강남구,,수 있습니다. 인터넷·IT·통신·모바일·게임>웹프로그래머>JSP|인터넷·IT·통신·모바일·게임>웹프로그래머> JAVA|인터넷·IT·통신·모바일·게임>웹프로그래머>AJAX|인터넷·IT·통신·모바일·게임>웹프로그래머>백엔드|인터넷...
http://kr.indeed.com/viewjob?jk=1d89fe4b37ab05ed,"데이터마이닝, 빅데이터 큐레이터 외 신입/경력 정규직",에임즈인터내셔널코리아 서울 강남구,,"Python 혹은 R 등의 프로그래밍 능력 -SQL의 사용 능력 -데이터를 다루기 위한 Python, R, Java 중 1개의 프로그래밍 능력 -대용량 데이터 ETL(extract transform load)를 위한 기술적..."
http://kr.indeed.com/viewjob?jk=9814adfd22233028,IT부문 신입직원,전국렌터카공제조합 서울 광진구,,"프라, DBMS) 소지자 우대 - JAVA, JSP 기반 웹 개발역량 우대... 게임>웹프로그래머>PHP |인터넷·IT·통신·모바일·게임>웹프로그래머> JAVA|인터넷·IT·통신·모바일·게임>웹프로그래머>EJB|인터넷·IT·통신..."
http://kr.indeed.com/viewjob?jk=2a97fd806d642347,정규직/병역특례전문요원 단말 에이전트 개발자 신입/경력,아라드네트웍스 서울 양재동,,"Android 및 Linux) 개발 [기본사항] - 신입/경력 2년 [자격요건] - C/C++, Java 중 하나 이상의 개발 가능자 [우대사항] - Linux 경험자 - 안드로이드 개발 경험자 - socket..."
http://kr.indeed.com/viewjob?jk=e88ae6e6999baee8,통신사 미디어 정산서비스 자동화 개발자 (java개발자),스퀘어네트 성남 분당구,,"우대사항] * 이동통신사 프로젝트 수행 경험자 스퀘어네트(주) JAVA, JAVA 경력 정규직 채용 모집부문 및 자격요건 담당업무 자격요건 인원... 웹프로그래머> JAVA|인터넷·IT·통신·모바일·게임>응용프로그래머> JAVA"
http://kr.indeed.com/viewjob?jk=562bef0c869dbefd,[기술부문/기술지원 엔지니어] 티맥스그룹 2021년 상반기 특별,티맥스소프트 성남 분당구,,"학사) 이상 기졸업 또는 졸업 예정이신 분 ㆍ 경력의 경우 해당 경력 2년 이상인 분 [상세] ㆍ C/ Java, Java-script 기반의 프로젝트 개발 경험자 ㆍ 프레임워크, 인터페이스(FEP, EAI, MCI) 기반..."
http://kr.indeed.com/viewjob?jk=ddc09f86bd426318,"[당산역/주5일/꿀직장] AP위즈덤 JAVA개발자 (중급,고급)",JMP KOREA 서울 영등포구,,통신·모바일·게임>웹프로그래머> JAVA|인터넷·IT·통신·모바일·게임>웹프... 프로그래머>Python|인터넷·IT·통신·모바일·게임>응용프로그래머> JAVA|인터넷·IT·통신·모바일·게임>응용프로그래머>C·C++|인터넷·IT·통신...
http://kr.indeed.com/viewjob?jk=89974e68032c906c,JAVA 제철소업무 개발 및 MES3.0 확대개발-판교,연우정보기술 성남 분당구,,JAVA 개발 능숙자 - MES 및 제철소업무 개발경력자 - 판교 근무가능자 연우정보기술(주) JAVA 제철소업무 및 MES확대개발-판교 모집부문 및 자격요건 담당업무 자격요건 인원 [담당업무] [웹프로그래밍] JAVA 제철...
http://kr.indeed.com/viewjob?jk=0064deb5fa9cbce0,데이터 사이언티스트 모집,카카오 4.0 성남 판교역,,"통해 알고리즘을 개선합니다. 지원자격 지원자격 하나 이상의 프로그래밍 언어에 익숙한 분(Python, Java, C/C++, Scala 등) 머신러닝/딥러닝 오픈소스를 이용하여 1년 이상 특정 서비스에 모델 개발/운영..."
http://kr.indeed.com/viewjob?jk=5351cda14bcbd10d,(주)익스모바일 시스템 개발자 Java 프로그래머 및 시스템 영업직,익스모바일 서울 강남구,,"- 컴퓨터공학 전공 우대 - 자격증(정보처리기사, 산업기사) 우대 인터넷·IT·통신·모바일·게임>응용프로그래머> JAVA|인터넷·IT·통신·모바일·게임>게임(Game)>서버·네트워크개발|무역·영업·판매·매장관리>기술영업>일반기술영업"
http://kr.indeed.com/viewjob?jk=d0e743dd9fab8ce3,JAVA 서버개발자 경력직,네이블커뮤니케이션즈 성남 분당구,,"4년) 성별 무관 기타 담당업무 JAVA 서버개발자 경력직 채용 커리어... 라인 이력서 직무/산업 직무별(직종) 웹프로그래머웹프로그래머, JSP, JAVA HTML코딩.퍼블리셔자바스크립트 산업별(업종) 솔루션.ASP.소프트웨..."
http://kr.indeed.com/viewjob?jk=f665aa394f20e901,[코스닥] IT개발(JAVA) 경력직,커리어서포트 서울 서초구,,"동종업계 (바이오 or 식품업계) 근무 경력자 우대 [코스닥] IT개발( JAVA) 경력직 모집 모집부문 및 자격요건 담당업무 자격요건 인원 [담당업무]- JAVA, Spring기반 Front-End 및 back-End개발..."
http://kr.indeed.com/viewjob?jk=370dba70a3edb86c,S/W 개발 신입 및 경력직,캔랩 서울 금천구,"연봉 35,000,000원 - 40,000,000원","제공,수평적이고 자유로운 기업문화, 출산휴가, 금요일 조기퇴근제도 인터넷·IT·통신·모바일·게임>응용프로그래머>C·C++|인터넷·IT·통신·모바일·게임>응용프로그래머> JAVA|인터넷·IT·통신·모바일·게임>응용프로그래머>C#"
http://kr.indeed.com/viewjob?jk=f7413100cdf5888f,[NHN TicketLink] 티켓링크 Java 개발자 경력,엔에이치엔티켓링크 성남 분당구,,연동 등 * 경력 4년 이상 * Java/Spring Framework... 인터넷·IT·통신·모바일·게임>웹프로그래머> JAVA|인터넷·IT·통신·모바일·게임>응용프로그래머> JAVA|인터넷·IT·통신·모바일·게임>응용프로그래머...
http://kr.indeed.com/viewjob?jk=b9a2e35656fbe279,소프트웨어 빌드엔지니어 경력인재 - 자동차부품 우량대기업,에스에프인촌 서울,,C·C++|인터넷·IT·통신·모바일·게임>응용프로그래머>Delphi·PowerBuilder|인터넷·IT·통신·모바일·게임>응용프로그래머> JAVA|인터넷·IT·통신·모바일·게임>응용프로그래머>Borland C++ Builder
http://kr.indeed.com/viewjob?jk=be7b5d48ec8e05d9,JAVA 개발자,우경정보기술 대구 수성구,,"[응용 프로그래밍] - C, C++, JAVA, 임베디드 개발 유경험자 - .NET... 관리, 장애처리와 이해가 가능한 자 인터넷·IT·통신·모바일·게임>응용프로그래머> JAVA|인터넷·IT·통신·모바일·게임>네트워크·서버·보안>정보보안"
http://kr.indeed.com/viewjob?jk=fa9cdbc42d5922da,[위성통신기업] SW개발,커리어라임즈 서울 강남구,,"경험자 - Visual C++, Java, Python 등 개발언어 경험자... N/W·ACU 등 디바이스 연동개발 경험자 - Visual C++, Java, Python 등 개발언어 경험자 우대 - 어학역량 우수자 우대 0 명..."
http://kr.indeed.com/viewjob?jk=868fbc65f5d054e0,"소프트웨어, 일반기술영업 외 신입/경력 정규직",글로벌소프트 서울 서초구,"연봉 21,870,000원 - 25,000,000원",통신·모바일·게임>전산·IT기술지원>S/W 엔지니어|인터넷·IT·통신·모바일·게임>전산·IT기술지원>IT기술지원|인터넷·IT·통신·모바일·게임>웹프로그래머> JAVA|인터넷·IT·통신·모바일·게임>웹프로그래머>.NET
http://kr.indeed.com/viewjob?jk=795233589a1edbc8,응용 소프트웨어 개발자[경력],네오비젼 서울 영등포구,"연봉 40,000,000원 - 50,000,000원",정보처리기사 [장애인채용희망여부] 비희망 [병역특례] - 비희망 인터넷·IT·통신·모바일·게임>응용프로그래머>C·C++|인터넷·IT·통신·모바일·게임>응용프로그래머> JAVA|인터넷·IT·통신·모바일·게임>응용프로그래머>C#
http://kr.indeed.com/viewjob?jk=4828d0fcbb9bda27,아프리카TV 검색 서비스 개발 담당,아프리카TV 경기도 성남,,"로그 적재/분석 경험이 있으신 분 - 검색 색인기 혹은 검색 API 개발 / 운영 경험이 있으신 분 - Java, Spring framework 능숙하신 분 [우대사항] - 신규 검색 서비스를 주도적으로 만들고 운영해..."
http://kr.indeed.com/viewjob?jk=93af33eed3bdf463,(청년디지털 일자리 사업) 의무기록 빅데이터 알고리즘 관련업무,인피니티케어 서울 서초구,"월급 1,900,000원",미 포함) [장애인채용희망여부] 비희망 [병역특례] - 비희망 인터넷·IT·통신·모바일·게임>응용프로그래머>C·C++|인터넷·IT·통신·모바일·게임>응용프로그래머> JAVA|인터넷·IT·통신·모바일·게임>응용프로그래머>C#
http://kr.indeed.com/viewjob?jk=e96f135bb733faf0,동원그룹 IT 시스템(JAVA/.NET/Cloud) 개발운영 경력 채용,동원그룹 서울 양재동,,"지원자격 JAVA 개발운영 담당업무 1. 주요업무 : ERP운영( Java) 1)환경 : Java-Spring, PostgreSQL, ExBuilder, UBI Report 2.필수스킬 및 우대사항 1)필수: Java..."
http://kr.indeed.com/viewjob?jk=a5f7714eb1bdad10,전산실 전산 개발 경력사원,한올바이오파마 서울 강남구,,"bgcolor=""#FFFFFF"" style=""border-w 인터넷·IT·통신·모바일·게임>웹프로그래머>웹개발|인터넷·IT·통신·모바일·게임>웹프로그래머> JAVA|인터넷·IT·통신·모바일·게임>전산·IT기술지원>IT기술지원"
http://kr.indeed.com/viewjob?jk=2b09f13b5790dd69,2021년 한화시스템 방산부문 프로젝트/기간제 엔지니어 채용(상시),한화그룹 4.2 서울,,우대 요건] 무인기 GCS 개발 유경험자 SW시험/분석 도구 개발 유경험자 C/C++/C#/Python/ JAVA 프로그래밍 숙련자 0명 판교 한화인1:1문의하기 활용 지휘통제-SW 계약기간 : 입사 시 ~ 2024...
http://kr.indeed.com/viewjob?jk=dda4f419ad70cb8a,솔루션 개발 경력사원 채용,한화그룹 4.2 서울,,"언어 능숙자(C/C++/C#/ Java/PHP) 윈도우 및 리눅스 운영체제 활용 능숙자 IP 네트워크, 운영체제, 데이터베이스 등 CS 기본 지식 서버사이드스크립트(Python/PHP/ Java 등)와 HTML, CSS..."
http://kr.indeed.com/viewjob?jk=f8ff420a6884de55,[TmaxGlobal/기술] 글로벌 QA 담당,티맥스소프트 성남 분당구,,"사항 컴퓨터 및 전산관련 전공자 S/W 품질 관리 자격증 소지자 Cloud, Framework 지식 유경험자 Shell Script/C/ JAVA 프로그래밍 유경험자 모집기간 2021/05/24 ~ 2021/06/15"
http://kr.indeed.com/viewjob?jk=13524d3d90249fe4,응용소프트웨어 개발자 (판교),에이치씨엔씨 성남 분당구,,"JAVA, .NET, C# 언어 사용가능자 인터넷·IT·통신·모바일·게임>소프트웨어·하드웨어>소프트웨어"
http://kr.indeed.com/viewjob?jk=4bb49803428d6d65,위치기반 응용 서비스 개발할 Java 프로그래머 찾습니다,에스오엑스 서울 노원구,,책임감이 강한 분 우대 (주)에스오엑스 위치기반 응용 서비스를 개발할 Java 프로그래머를 찾습니다 모집부문 및 자격요건 담당업무 자격요건 인원... 통신·모바일·게임>웹프로그래머> JAVA|인터넷·IT·통신·모바일·게임>웹프...
http://kr.indeed.com/viewjob?jk=2877c86e190844ed,웹(WEB)/자바(JAVA) 개발 및 운영담당자 [신입/경력 ],기웅정보통신 서울 금천구,,기웅정보통신(주) 웹(WEB)/자바( JAVA) 개발 및 운영담당자 [신입/경력 채용] 모집부문 및 자격요건 담당업무 자격요건 인원 [담당업무]자사 전자증빙 서비스 기능 개발/개선/장애대응[근무부서 및 직급/직책]근무부서...
http://kr.indeed.com/viewjob?jk=f167a69d1680b2ed,"[펜타시큐리티] 보안S/W 개발 및 기획자 (웹, 인증, 블록체인)",펜타시큐리티시스템 서울 영등포구,,모바일·게임>웹프로그래머> JAVA|인터넷·IT·통신·모바일·게임>웹프로그래머>Python|인터넷·IT·통신·모바일·게임>응용프로그래머>C·C++|인터넷·IT·통신·모바일·게임>응용프로그래머> JAVA|인터넷·IT·통신·모바일...
http://kr.indeed.com/viewjob?jk=d8055c704bb31d85,Server Engineer (Engineering Foundation),뱅크샐러드 서울 영등포구,,진행 신규 기술 및 툴에 대한 지식 및 판단을 토대로 뱅크샐러드 적용 가능성 제시 자격 요건 Golang/ Java(Kotlin)/Python 중 하나 이상을 이용한 서비스 설계 및 개발 경험 보유 CS Fundamental...
http://kr.indeed.com/viewjob?jk=cfa871765044598b,"신입 웹개발자(JAVA,JSP)",제스트씨엔에스 서울 구로구,,"[응용 프로그래밍] - C, C++, JAVA, 임베디드 개발 유경험자 - .NET... 또는 라이브러리 구축 가능자 [응용 프로그래밍] - C, C++, JAVA, 임베디드 개발 유경험자 - .NET 프레임워크에 대한 기반 지식 보유자..."
http://kr.indeed.com/viewjob?jk=346e24b0bff2fa06,[2021년] 상반기 신입 및 경력사원,아이티리폼 서울 종로구,"연봉 30,000,000원 - 35,000,000원",로그래머>JSP|인터넷·IT·통신·모바일·게임>웹프로그래머> JAVA|인터넷·IT·통신·모바일·게임>웹프로그래머>백엔드|인터넷·IT·통신·모바일·게임>웹프로그래머>프론트엔드|인터넷·IT·통신·모바일·게임>응용프로그래머> JAVA
http://kr.indeed.com/viewjob?jk=634bb1f5a4ecd428,"블록체인 , 거래소 개발자",알라딘글로벌알앤디센터 서울 강남구,,"개발자 채용 [자격요건]ㆍ Java , Node , Go , Python 등... 웹프로그래머> JAVA|인터넷·IT·통신·모바일·게임>웹프로그래머>Python|인터넷·IT·통신·모바일·게임>응용프로그래머> JAVA|인터넷·IT·통신..."
http://kr.indeed.com/viewjob?jk=6bfb7b464245c4e3,JAVA/JSP/Nexacro 운영.유지 (1년),앳시스 수원 영통구,,운영.유지 경험자 우대 JAVA/JSP/Nexacro 운영.유지 구함(1년) 모집부문 및 자격요건 담당업무 자격요건 인원 [담당업무] Java/JSP... 통신·모바일·게임>웹프로그래머> JAVA|인터넷·IT·통신·모바일·게임>웹프...
http://kr.indeed.com/viewjob?jk=e4ae3ca6f57ff2cf,프론트엔드 개발자 정규직,스피치로그 서울 용산구,,대사항]-REST API 개발 경험 및 동작에 대한 이해-웹사이트 성능 측정 및 최적화 경험이 있으신 분- JAVA 개발 경험 보유 -MYSQL (RDBMS) 관련 지식 및 개발 경험 [근무시간 및 형태] 주 5일 근무 (오전...
http://kr.indeed.com/viewjob?jk=1b3b45db98b641b9,[수원 영통] 자바 개발자(정규직 또는 계약),지금컴퍼니 서울 서초구,,경력 9년 ↑( 인터넷·IT·통신·모바일·게임>웹프로그래머>JSP|인터넷·IT·통신·모바일·게임>웹프로그래머> JAVA|인터넷·IT·통신·모바일·게임>웹프로그래머>백엔드|인터넷·IT·통신·모바일·게임>웹프로그래머>프론트엔드
http://kr.indeed.com/viewjob?jk=3f86b334f5dca660,백엔드 개발,Nexon 성남 분당구,,"RESTful 에 대한 이해 - RDBMS, NoSQL 에 대한 이해 - 웹어플리케이션 개발 경험 [ JAVA] - JAVA & Spring Framework 환경에서의 개발이 가능 - 리눅스 환경에서 서비스 운영..."
http://kr.indeed.com/viewjob?jk=01455f89ee27ebe4,2021년 (주)퍼브 개발 신입/경력,퍼브 서울 강서구,,인터넷·IT·통신·모바일·게임>웹프로그래머>웹개발|인터넷·IT·통신·모바일·게임>응용프로그래머> JAVA
http://kr.indeed.com/viewjob?jk=f94ac3f1ca1d9088,인공지능개발자 및 웹 개발,애니로직 서울 금천구,,"직무내용] 인공지능을 개발 할 수 있는 인재를 구인합니다.Python으로 개발합니다.웹은 Java, javascript를 사용합니다.주 40시간가산디지털 단지내 [근무시간 및 형태] 주 5일 근무 (오전) 9시 00분~(오후..."
http://kr.indeed.com/viewjob?jk=454ea58be1496c55,"[해외취업] 현대·기아 협력사 IT부문 인턴사원 - 숙소제공, 차량지원...",사이다링크 서울 논현동,"연봉 37,250,000원","Social media advertising, management - HTML , CSS , JAVA , JAVASCRIPT , MS OFFICE - U.S. Driver's license 그 외 자격요건..."
http://kr.indeed.com/viewjob?jk=51cd220c52b27f2e,정보시스템 개발 부문 신입,피타그래프 서울 강서구,,수 있습니다. 인터넷·IT·통신·모바일·게임>웹프로그래머>웹개발|인터넷·IT·통신·모바일·게임>웹프로그래머> JAVA|인터넷·IT·통신·모바일·게임>데이터베이스·DBA>Postgress|인터넷·IT·통신·모바일·게임>빅데이터...
http://kr.indeed.com/viewjob?jk=abcd430cacb2c241,응용프로그램 유지관리 및 개발 (JAVA) - 신입/경력,웨어비즈 서울 양천구,"연봉 30,000,000원 - 40,000,000원","등 업무 프로그램 검색엔진 구현 ( JAVA) - 챗봇 구현 및 유지관리... 비희망 [기타 우대내용] JSP, JAVA 등 개발 관련 진취적이고 열정을 소유하신 분 인터넷·IT·통신·모바일·게임>응용프로그래머> JAVA"
http://kr.indeed.com/viewjob?jk=4ec305f59ce64060,게임이상탐지 분석/개발,Nexon 성남 분당구,,"선택) DB 활용 및 대시보드 개발 능력 솔루션 개발자 - 한 가지 이상의 개발 언어(Python, Java, Scala)에 숙련된 프로그래밍 능력 - Linux 환경에서의 개발 능력 - 빅데이터 분석 플랫폼 기반의..."
http://kr.indeed.com/viewjob?jk=e284b6abe949fdbc,한국야쿠르트 이커머스 개발 및 운영 경력사원,GS ITM 서울 종로구,,기술지원|인터넷·IT·통신·모바일·게임>웹프로그래머>JSP|인터넷·IT·통신·모바일·게임>웹프로그래머> JAVA|인터넷·IT·통신·모바일·게임>웹프로그래머>프론트엔드|인터넷·IT·통신·모바일·게임>응용프로그래머> JAVA
http://kr.indeed.com/viewjob?jk=ac11bc289face65a,핀테크서비스 개발.,제이엔커리어 서울 중구,,"공학 계열 학사이상 졸업자 - C, JAVA 가능자(핵심역량) - 경력 3... 실이 있을 경우 채용이 취소될 수 있습니다. 인터넷·IT·통신·모바일·게임>웹프로그래머> JAVA|인터넷·IT·통신·모바일·게임>응용프로그래머> JAVA"
http://kr.indeed.com/viewjob?jk=2ee53e9ac168b374,(신입가능)풀스택 웹서비스 개발자,체인랩스 서울 강남구,"연봉 30,000,000원 - 35,000,000원",Front-end: React Vue JQuery (다음 중 한가지 이상 가능)Back-end: NodeJS Java/Kotlin Go PHP (다음 중 한가지 이상 가능)[근무부서 및 직급/직책]근무부서: 개발직급/직책...
http://kr.indeed.com/viewjob?jk=736eb193e417cee2,비즈개발실 서버 개발자 모집,카카오 4.0 성남 판교역,,보고서를 제공하는 플랫폼을 개발합니다. (지원자격) 경력 2년이상 Java 기반 서버 개발 경험 Linux 플랫폼에서 웹 서비스 개발/운영 경험... 개발을 합니다. (지원자격) Java 기반 웹 서비스 개발 경력 3년...
http://kr.indeed.com/viewjob?jk=3b135a6a06e60228,JAVA 웹프로그래머 및 DBA -구로디지털단지,연우정보기술 서울,,"기타: [웹프로그래밍]- jsp, java, ASP / PHP 개발 능숙자... 채용이 취소될 수 있습니다. 인터넷·IT·통신·모바일·게임>웹프로그래머> JAVA|인터넷·IT·통신·모바일·게임>웹프로그래머>JSP|인터넷·IT·통신..."
http://kr.indeed.com/viewjob?jk=f8e57bb7e45a66b6,[경력] Java 웹개발 정규직,가온아이 서울 강남구,,가온아이 [경력] Java 웹개발 정규직 모집합니다. 모집부문 및 자격요건 모집분야 담당업무 자격요건 경력 Java 웹 개발자 그룹웨어 응용프로그램... 통신·모바일·게임>웹프로그래머> JAVA|인터넷·IT·통신·모바일·게임>웹프...
http://kr.indeed.com/viewjob?jk=ceefb0cde80799ac,"솔루션 개발/유지보수/DBA, 챗봇개발/기획 정규직",한국클라우드 서울 금천구,,터넷·IT·통신·모바일·게임>빅데이터·AI(인공지능)>테스팅솔루션|인터넷·IT·통신·모바일·게임>응용프로그래머> JAVA|인터넷·IT·통신·모바일·게임>웹프로그래머>JSP|인터넷·IT·통신·모바일·게임>전산·IT기술지원>유지보...
http://kr.indeed.com/viewjob?jk=88898239e74f518a,"[웹개발(Java/JSP) 개발 경력직], [IT 웹기획 경력자 (대리급...",케이투웹테크 강원도 원주,,인터넷·IT·통신·모바일·게임>웹프로그래머>웹개발|인터넷·IT·통신·모바일·게임>웹프로그래머> JAVA
http://kr.indeed.com/viewjob?jk=113f33f490e3fadb,IT연구소 헬스케어 SCM 웹솔루션 개발자,이지메디컴 서울 강남구,,인터넷·IT·통신·모바일·게임>전산·IT기술지원>유지보수|인터넷·IT·통신·모바일·게임>웹프로그래머> JAVA|인터넷·IT·통신·모바일·게임>웹프로그래머>웹개발|인터넷·IT·통신·모바일·게임>응용프로그래머>API
http://kr.indeed.com/viewjob?jk=bd0031163bb44996,"JAVA, SQL 외 경력 정규직",웅지세무대학 경기도 파주,,"Linux 가능자 우대 웅지세무대학 JAVA, SQL 외 경력 정규직 채용... 이상직무기술: JAVA·JSP·EJB, SQL, ORACLE, Spring Framework, 시스템운영(Was/Web)기타: Java, Oracle..."
http://kr.indeed.com/viewjob?jk=232d303badc95396,JAVA 경력 정규직,브라이트컨설팅 과천 과천시,,"브라이트컨설팅 JAVA 경력 정규직 채용 모집부문 및 자격요건 담당업무... 프로젝트 설계 및 개발 수행 [관련경력 5년 이상] [필수/우대사항] (필수) Java, JSP, Spring Framework (3년 이상) (필수..."
http://kr.indeed.com/viewjob?jk=cf9356b37197999b,"JAVA, 모바일, 유지보수 정규직 (경력)",시니어앤파트너즈 서울 영등포구,,"JAVA개발(경력)[예정직급] 경력협의[세부 직무내용]- JAVA 개발... Java 웹 프로그래밍 가능자- Spring(Boot, Batch, Integration) 및 전자정부 프레임워크 가능자(우대사항)- Java 개발..."
http://kr.indeed.com/viewjob?jk=a0dda478567db352,"(주)트윔 개발자(경력직) 빅데이터,영상처리,머신비전/AI 딥러닝",트윔 경기도 화성,,"광학계 개발 경험자 - RBM/DBN/CNN/RNN 등 딥러닝 이론 및 알고리즘 유경험자 - C/C++, Java, Python/TensorFlow/Caffe 사용가능자 - Matlab/R 분석틀 사용 가능자 - 인근 거주자..."
http://kr.indeed.com/viewjob?jk=d362ad72e4200400,"JAVA, 백엔드 경력 정규직",퍼플아이오 서울 강남구,,"(주)퍼플아이오 JAVA, 백엔드 경력 정규직 채용 모집부문 및 자격요건... 위사실이 있을 경우 채용이 취소될 수 있습니다. 인터넷·IT·통신·모바일·게임>웹프로그래머> JAVA|인터넷·IT·통신·모바일·게임>웹프로그래머>백엔드"
http://kr.indeed.com/viewjob?jk=1f74558b166e3ac4,Web Server SW개발 경력인재 - 자동제어 전문 우량기업,에스에프인촌 성남 분당구,,통신·모바일·게임>웹프로그래머>백엔드|인터넷·IT·통신·모바일·게임>웹프로그래머> JAVA|인터넷·IT·통신·모바일·게임>응용프로그래머> JAVA|인터넷·IT·통신·모바일·게임>응용프로그래머>Linux|인터넷·IT·통신·모바일...
http://kr.indeed.com/viewjob?jk=2defbd429ce71d7f,"PHP, JAVA 외 신입 정규직",피알에스창의독서개발원 대구 북구,"연봉 21,870,000원 - 25,000,000원","주)피알에스창의독서개발원 PHP, JAVA 외 신입 정규직 채용 모집부문... 래머>HTML·DHTML·mHTML|인터넷·IT·통신·모바일·게임>응용프로그래머> JAVA|인터넷·IT·통신·모바일·게임>데이터베이스·DBA>MySQL"
http://kr.indeed.com/viewjob?jk=a7a22c905ff6f1ea,"웹개발, ASP 외 신입/경력 정규직",엔잡얼라이언스 서울 금천구,,그래머>웹개발|인터넷·IT·통신·모바일·게임>웹프로그래머>ASP|인터넷·IT·통신·모바일·게임>웹프로그래머> JAVA|인터넷·IT·통신·모바일·게임>웹프로그래머>Python|인터넷·IT·통신·모바일·게임>웹디자인>웹디자인|인터...
http://kr.indeed.com/viewjob?jk=540d920355b6b86c,업무자동화시스템 웹개발자 모집,넷마블 서울 구로구,,"ERD 설계 가능자 - Java 개발, DB(mysql) 쿼리 작성 가능 - HTML, CSS, Javascript 개발 (개발) - 웹 개발 경력 5년 이상 (Back-end) - Java 개발, DB(mysql) 쿼리..."
http://kr.indeed.com/viewjob?jk=acefcdfbf995f667,[EY컨설팅] 컨설팅본부 코리아솔루션 인턴 모집,Ernst & Young 4.0 대한민국,,"운영 (RPA, Chatbot, AI 등) * 지원자격 - 응용 프로그램 설계 / 개발 / 운영 ( JAVA, C# 등) 가능자 - 디지털 솔루션 구축 / 운영 (RPA, Chatbot, AI 등) 가능자 - 대학 졸업..."
http://kr.indeed.com/viewjob?jk=927dbb084e75145f,오랫동안 함께하실 JAVA 전문가,에이케이플러스 서울 종로구,"연봉 26,000,000원 - 50,000,000원",하고 열정적인 지원을 채용하고자 합니다.많은 지원 바랍니다.담당업무- JAVA기반 솔루션 및 시스템 개발 : 당사의 자체 개발 솔루션의 업그레이드 및... 병역특례] - 비희망 인터넷·IT·통신·모바일·게임>응용프로그래머> JAVA
http://kr.indeed.com/viewjob?jk=e2c0aed6945abda1,[정규직/경력직] JAVA/ JSP 개발자,상상스토리 서울 구로구,"월급 1,822,480원","응용프로그램 개발, 전자정부프레임워크 , JQuery 언어 : JAVA, JQuery , JSP DB : ORACLE , Tibero , MySql... 통신·모바일·게임>응용프로그래머> JAVA|인터넷·IT·통신·모바일·게임..."
http://kr.indeed.com/viewjob?jk=977c34e096023e2a,개발열정 가득한 C# / JAVA 개발자,피어라인 군포 산본동,,"멀티미디어 SW (팟플레이어, 곰인코더 등) 개발 역량 확보 가능 * 개발 환경 Flexible * C# 또는 JAVA 언어 필수 * DBMS(MySQL 또는 Oracle) 경험 및 이해도 * C++ 언어 우대 * WEB..."
http://kr.indeed.com/viewjob?jk=c5543f1c9eb5d19f,[호텔인네트워크] 웹/앱 프로그래머,호텔인네트워크 서울 마포구,,통신·모바일·게임>웹프로그래머>HTML·DHTML·mHTML|인터넷·IT·통신·모바일·게임>웹프로그래머>CGI·Perl|인터넷·IT·통신·모바일·게임>웹프로그래머>JSP|인터넷·IT·통신·모바일·게임>웹프로그래머> JAVA
http://kr.indeed.com/viewjob?jk=4c153f863252d3dd,유비벨록스 개발자,유비벨록스 서울 구로구,,및 상세내용 모집부문 상세내용 Java Back-end 서버개발 0명 공통 자격요건ㆍ학력 : 초대졸 이상지원자격ㆍ경력 : 무관 (신입도 지원 가능) 직무요건 : Spring MVC담당업무 Java 플랫폼 백엔드 개발우대사항마이...
http://kr.indeed.com/viewjob?jk=499e5670a2f25170,"웹/서버 개발자 (JAVA, JSP 및 백엔드) 신입/초급",씨티엔에스 창원 의창구,"연봉 26,000,000원 - 28,000,000원","직무내용] 담당업무ㆍ웹( java, jsp) + 서버 개발근무 영역ㆍ사외... 게임>웹프로그래머>JSP|인터넷·IT·통신·모바일·게임>응용프로그래머> JAVA|인터넷·IT·통신·모바일·게임>웹프로그래머>PHP |인터넷·IT·통신..."
http://kr.indeed.com/viewjob?jk=ed4e4b04b14c716c,"HTML·DHTML·mHTML, JAVA 외 신입/경력 계약직",오리오리 서울,,통신·모바일·게임>웹프로그래머>HTML·DHTML·mHTML|인터넷·IT·통신·모바일·게임>웹프로그래머> JAVA|인터넷·IT·통신·모바일·게임>웹프로그래머>AJAX|인터넷·IT·통신·모바일·게임>웹프로그래머>HDML|인터넷...
http://kr.indeed.com/viewjob?jk=980bec74ce8cf10e,[WaveM] 자율주행로봇 웹 개발자 [신입/경력],웨이브엠 경기도 의왕,,/a> 인터넷·IT·통신·모바일·게임>웹프로그래머>JSP|인터넷·IT·통신·모바일·게임>웹프로그래머> JAVA|인터넷·IT·통신·모바일·게임>데이터베이스·DBA>DBA
http://kr.indeed.com/viewjob?jk=3190803dba63c314,동영상 데이터/비즈 플랫폼 서버 개발자 모집,카카오 4.0 성남 판교역,,"동영상 비즈 플랫폼 개발 동영상 광고 서버 개발 동영상 데이터 수집/분석 지원자격 기본 조건 Java 개발 경력 2년 이상 Spring Framework 기반 웹 애플리케이션 개발 경험 MySQL, MongoDB 등의..."
http://kr.indeed.com/viewjob?jk=fea41d7d7b4fc6cb,정규직 개발직원 (신입/경력),희로애락 서울 구로구,"월급 2,700,000원","직무내용] [웹 개발 및 운영]# 담당업무- IT 시스템 개발 및 운영- nodeJs, java, mysql, postgreSQL# 자격요건- 신입- 경력 (3년이상)# 우대사항- 경력자 우대- 컴퓨터관련 전공자[모바일 앱..."
http://kr.indeed.com/viewjob?jk=5420a9822ef195e6,2020년 하반기 개발부문,모디엠 서울 성동구,,"및 객체인식 - C&C++, Java 개발 경험자 2 명 근무조건 근무지... 통신·모바일·게임>응용프로그래머>C·C++|인터넷·IT·통신·모바일·게임>응용프로그래머> JAVA|인터넷·IT·통신·모바일·게임>웹프로그래머> JAVA"
http://kr.indeed.com/viewjob?jk=0353147ec51978e1,서비스 개발/운영 Web개발자,텐바이텐 서울 종로구,,보다 훌륭한 경험을 제공하기 위해 Java Spring Framework... 게임>웹프로그래머>백엔드|인터넷·IT·통신·모바일·게임>응용프로그래머> JAVA|인터넷·IT·통신·모바일·게임>데이터베이스·DBA>MS-SQL|인터넷...
http://kr.indeed.com/viewjob?jk=dc13e5d1fc499aa6,(스타트업) 프론트엔드 개발 신입/경력 인재 영입,레이티스트케이 서울 송파구,,집부문 및 자격요건 인터넷·IT·통신·모바일·게임>웹프로그래머>프론트엔드|인터넷·IT·통신·모바일·게임>웹프로그래머>웹개발|인터넷·IT·통신·모바일·게임>웹프로그래머>ASP|인터넷·IT·통신·모바일·게임>웹프로그래머> JAVA
http://kr.indeed.com/viewjob?jk=1777e605b7d9d1c5,국내 대기업 계열사 - Java기반 웹개발 경력자(과장-부장),라피플코리아리미티드 서울,,- 관련경력 7년~15년 - java 기반 웹개발 경력자 - java Spring... 담당업무] - Java 기반 웹개발 [자격요건] - 관련경력 7년~15년 - java 기반 웹개발 경력자 - java Spring Boot 경험자...
http://kr.indeed.com/viewjob?jk=0fdbc59c6fac3cf3,패션IT팀 / 온라인IT팀 경력 수시,신성통상 서울 강동구,,"직급 : 사원 ~ 차장급 - Java, Spring, MiPlatform... 이상 - 직위 : 사원 ~ 차장 - Java, Spring, Mi 인터넷·IT·통신·모바일·게임>응용프로그래머> JAVA|인터넷·IT·통신·모바일·게임..."
http://kr.indeed.com/viewjob?jk=57bffe2e297646f8,"(주)데이타뱅크시스템즈 신입, 경력직",데이타뱅크시스템즈 대구 남구,,"[웹프로그래밍] - jsp, java, ASP / PHP 개발 능숙자... 가능자 - 웹, DB서버 구축 및 유지 가능자 [웹프로그래밍] - jsp, java, ASP / PHP 개발 능숙자 - HTML, JavaScript..."
http://kr.indeed.com/viewjob?jk=e35c60372ce0a1c8,[LSK Global PS] STAT부서 신입 및 경력,엘에스케이글로벌파마서비스 서울 중구,,"고급 지식 보유자 [우대사항] - 컴퓨터 언어 능숙자(VB, C#, JAVA 등) - 시스템 개발 및 프로세스 간소화 경험자 [LSK Global... 퓨터 언어 능숙자 (VB, C#, JAVA 등 ) - 시스템 개발 및 프로..."
http://kr.indeed.com/viewjob?jk=6eadc1026c4e3e69,유명주식투자 정보제공 기업 안드로이드 앱개발 정규직,인파트너스 서울 서초구,"연봉 60,000,000원 - 70,000,000원","담당업무 자격요건 인원 [담당업무]안드로이드 개발지원자격- 앱개발 경력 2년 이상- Android Native( JAVA 또는 Kotlin), 하이브리드앱 개발 가능- Node.js 가능(필수)- iOS 개발 가능자 (우대..."
http://kr.indeed.com/viewjob?jk=4a59ddd08fd9e751,"웹개발, JAVA 경력 계약직, 프리랜서",씨케이하나 경기도 이천,,"(주) 씨케이하나 웹개발, JAVA 경력 계약직, 프리랜서 채용 모집부문 및 자격요건 담당업무 자격요건 인원 [담당업무]UNIX 환경에서 Java 개발.기간... 웹프로그래머>웹개발|인터넷·IT·통신·모바일·게임>웹프로그래머> JAVA"
http://kr.indeed.com/viewjob?jk=d31ab9cefeeef71b,[최고인기과정] 게임 각 분야 국비지원 교육 참여자,SGA 서울게임아카데미 서울 종로구,,바일·게임>웹프로그래머>웹개발|인터넷·IT·통신·모바일·게임>웹프로그래머> JAVA|인터넷·IT·통신·모바일·게임>웹프로그래머>백엔드|인터넷·IT·통신... 통신·모바일·게임>응용프로그래머> JAVA|인터넷·IT·통신·모바일·게임...
http://kr.indeed.com/viewjob?jk=8dbaea1ef73ca163,2021 경력직 대규모,휴머스온 서울 강남구,,통신·모바일·게임>응용프로그래머> JAVA|인터넷·IT·통신·모바일·게임... 게임>웹프로그래머>PHP |인터넷·IT·통신·모바일·게임>웹프로그래머> JAVA|인터넷·IT·통신·모바일·게임>웹프로그래머>EJB|인터넷·IT·통신...
http://kr.indeed.com/viewjob?jk=1e708a23b9f87c19,JAVA 개발자 경력직/신입,로지포커스 서울 성동구,,"물류융합연구소 JAVA개발자 경력직 정규직 채용 모집부문 및 자격요건 담당업무 자격요건 인원 [담당업무]Back-end 개발자( java, python... 통신·모바일·게임>웹프로그래머> JAVA|인터넷·IT·통신·모바일·게임>웹프..."
http://kr.indeed.com/viewjob?jk=061ca3c2090fed23,"개발 (Java·JSP, .NET ) 신입/경력 개발자",가온아이 서울 강남구,,"가온아이 개발 ( Java·JSP, .NET ) 신입/경력 개발자 모집 모집부문 및 자격요건 모집분야 담당업무 자격요건 모집인원 웹개발 ( Java/.Net) 소프트웨어 개발, Java or .Net 프로젝트수행 CS개발/연구개..."
http://kr.indeed.com/viewjob?jk=aee052f65e4527f2,JAVA개발 신입/경력 정규직,실크로드소프트 수원 영통구,,소프트 JAVA개발 신입/경력 정규직 채용 모집부문 및 자격요건 모집부문 담당업무 자격요건 인원 JAVA개발 [담당업무] [ Java 기반 솔루션 개발... 터링 솔루션 Backend 개발 - Java 기반의 데이터 정합성 검증 및...
http://kr.indeed.com/viewjob?jk=18b0485ce0c5d17e,2021년 상반기 경력직 수시,SBI저축은행 서울 중구,,"3년 이상자 및 런칭, 유지운영 경험자 - Java 및 프레임워크 애플리케이션 개발가능자 - 업무분석 및 설계, 대용량 SQL 활용 가능 - EUS 등 WAS에 대한 이해 - 개발환경 ( Java, Oracle, Nexcore..."
http://kr.indeed.com/viewjob?jk=f3fdff1a5b0609e5,2021년 상반기 한화투자증권 신입사원 채용,한화그룹 4.2 서울,,"조건] 상경/전산/이공 계열 전공자 또는 관련 지식 보유자 파생상품에 대한 지식 보유자 SQL, C++, Java, 파이썬 등 프로그래밍 능력 우수자 데이터베이스 사용 경험자 전산 또는 금융 관련 자격 보유자 머신..."
http://kr.indeed.com/viewjob?jk=620231252526564b,[R&D부문/연구개발] 티맥스그룹 2021년 상반기 특별 (신입 및 경력...,티맥스소프트 성남 분당구,,"경우 해당 경력 2년 이상인 분 [상세] ㆍ 컴퓨터 및 전산관련 전공자, 전자공학 전공자 우대 ㆍ C 또는 JAVA 프로그래밍 유경험자 ※ 전문연구요원 희망자는 석사 이상 학위 소지자만 가능하며, 비전공자 편입 불가함..."
http://kr.indeed.com/viewjob?jk=144abbe0e251650c,[유안타증권]IT부문 신입/경력 직원,유안타증권 서울 중구 +1 지역,,"해당분야 대리/과장급 경력자(경력 3년 이상) · 파생상품 업무 이해 능력을 보유한 자 · Pro*c, java, jsp, PL/SQL 사용 능력을 보유한 자 · CFD(차액결제 시스템) 유경험자 우대 · IT관련 전공자 및..."
http://kr.indeed.com/viewjob?jk=80f7abb33fddb0df,JAVA 웹 프로그램 개발자,비전브이아이텍 서울,,"기타: [웹프로그래밍]- jsp, java, ASP / PHP 개발 능숙자... 게임>웹프로그래머>JSP|인터넷·IT·통신·모바일·게임>웹프로그래머> JAVA|인터넷·IT·통신·모바일·게임>웹프로그래머>.NET|인터넷·IT·통신..."
http://kr.indeed.com/viewjob?jk=605561cceb1d698c,(대기업) Data 분석 및 개발,인코리아 프로페셔널 성남 분당구,,또는 시계열 데이터 이해가능자 - JAVA/SCALA code 및 빅데이터... 게임>웹프로그래머>웹개발|인터넷·IT·통신·모바일·게임>웹프로그래머> JAVA|인터넷·IT·통신·모바일·게임>웹프로그래머>프론트엔드|인터넷·IT·통신...
http://kr.indeed.com/viewjob?jk=629e3bfc0d04bdec,공공부문 신입 JAVA 개발자,피엘시스템즈 서울 마포구,"연봉 26,000,000원 - 28,000,000원",정보처리기사 [장애인채용희망여부] 비희망 [병역특례] - 비희망 인터넷·IT·통신·모바일·게임>응용프로그래머>C·C++|인터넷·IT·통신·모바일·게임>응용프로그래머> JAVA|인터넷·IT·통신·모바일·게임>응용프로그래머>C#
http://kr.indeed.com/viewjob?jk=59b4cfaa62f18a53,JAVA 신입개발자,이원정보기술 경기도,"연봉 30,000,000원 - 35,000,000원","(주)이원정보기술 JAVA개발자 모집합니다. 모집부문 및 자격요건 담당업무 자격요건 인원 JAVA개발 및 운영1. Java 및 솔루션 기반 프로젝트 수행2. ESB/EAI 프로젝트 수행 [필요기술] Java, JSP, Spring..."
http://kr.indeed.com/viewjob?jk=7522c3ef2f629ddf,한국항만협회(항만정보국) 직원 상시,한국항만협회 서울 영등포구,,"자격증 보유자(서버, DB, 보안, JAVA, 네트워크 등) ○ CAD 및... 1년 이상) 이수자 정보통신 관련 자격증 보유자(서버, DB, 보안, JAVA, 네트워크 등) CAD 및 컴퓨터 활용 관련 자격증 보유자 ※ 우대사항..."
http://kr.indeed.com/viewjob?jk=a52742ab33613a20,전 분야 경력직 상시,고영테크놀러지 용인 수지구,,및 우대사항 모집인원 JAVA 개발자 - Java Spring 기반 서버... 인터넷·IT·통신·모바일·게임>웹프로그래머> JAVA|인터넷·IT·통신·모바일·게임>응용프로그래머> JAVA|인터넷·IT·통신·모바일·게임>ERP·시스템...
http://kr.indeed.com/viewjob?jk=50758e3bf0736fde,"Java Script , HTML· CSS3 기반 개발자",상록에스 서울 송파구,,"* 모 집 분야 ; java Script, HTML5, CSS3, 기반 웹개발 * 직 무 ; 교육 콘텐츠 개발, 풀랫폼 개발; * 보유 기술 ; javaScript, HTML5, CSS3. * 경 력 ; 신입, 경력(PM,PL..."
http://kr.indeed.com/viewjob?jk=c8c92ad1d33d8f5f,한국사회보장정보원 2021년도 제직원,한국사회보장정보원 서울,,"시스템 운영사업: 1) 정보시스템 운영(Oracle, Jeus, Unix 등),웹 프로그램 개발(JSP, Java, ASP 등),웹/모바일UI/UX,DB개발(jana, ×-플랫폼, Tibero,SQL등) 2) 의료정보 및..."
http://kr.indeed.com/viewjob?jk=8b2dd1bc4754ea29,[싸이버원] 직무별 (정보보안/정보보호),싸이버원 서울 서초구,,인터넷·IT·통신·모바일·게임>네트워크·서버·보안>보안컨설팅|무역·영업·판매·매장관리>기술영업>IT서비스·웹사이트구축|인터넷·IT·통신·모바일·게임>웹프로그래머> JAVA|인터넷·IT·통신·모바일·게임>웹프로그래머>프론트엔드
http://kr.indeed.com/viewjob?jk=555cac7c84799f39,[JAVA/JSP/SPRING] 웹프로그래머 경력 및 신입개발자,엠지엠엘 서울 금천구,,"[웹프로그래밍] - jsp, java, ASP / PHP 개발 능숙자... 및 운영 가능자 - 웹, DB서버 구축 및 유지 가능자 (주)엠지엠엘 [ JAVA/JSP/SPRING] 웹프로그래머 경력 및 신입개발자 채용 모집부문..."
http://kr.indeed.com/viewjob?jk=f334a0de846d15cb,[(주)아라미즈]JAVA 개발자,아라미즈 용인 기흥구,,인터넷·IT·통신·모바일·게임>웹프로그래머>웹개발
http://kr.indeed.com/viewjob?jk=e615412ffd06288a,웹프로그램 개발자(java/spring/egoveframework),에듀인소프트 서울 서초구,,"학력 : 무관- 경력 : java/jsp/servlet 개발 5년 이상- 자격증 : 정보처리기사,산업기사 자격증 우대[우대사항]- 전자정부 프레임워크 , egoveframework- java , oracle , jsp..."
http://kr.indeed.com/viewjob?jk=617dbecdabad02b9,"NAVER, LINE 서비스 플랫폼 운영",엔아이티서비스 성남 분당구,,"java, c언어 등) 초급 수준인 분[우대사항]- Docker(kubernetes) 관련 지식 보유 및 활용 경험- Linux System, WEB/WAS, DB운영 경험- 프로그래밍 언어(python, java, c언어..."
http://kr.indeed.com/viewjob?jk=dd31b1e46e59190d,"응용프로그램 개발 (C#, JAVA) (신입/경력)",비에스엔씨 서울,,"영어가능자, 해외근무 가능자, 지방근무 가능자 인터넷·IT·통신·모바일·게임>응용프로그래머>C#|인터넷·IT·통신·모바일·게임>응용프로그래머> JAVA"
http://kr.indeed.com/viewjob?jk=d6f10b9a58b1c86f,[정규직] 2021년 상반기 경력직 (java 개발 부문),씨엔씨네트웍스 서울,,JAVA|인터넷·IT·통신·모바일·게임>웹프로그래머>JSP|인터넷·IT·통신·모바일·게임>웹프로그래머>백엔드|인터넷·IT·통신·모바일·게임>웹프로그래머>MiPlatform|인터넷·IT·통신·모바일·게임>응용프로그래머> JAVA...
http://kr.indeed.com/viewjob?jk=f4ef5aff2b82592e,웹개발 및 시스템개발자,현이노베이션 용인 기흥구,,게임>웹프로그래머>JSP|인터넷·IT·통신·모바일·게임>응용프로그래머> JAVA|인터넷·IT·통신·모바일·게임>웹프로그래머>PHP |인터넷·IT·통신... 통신·모바일·게임>웹프로그래머> JAVA|인터넷·IT·통신·모바일·게임>웹프...
http://kr.indeed.com/viewjob?jk=b330b217ed9a3532,(주)아이티키 JAVA 신입 웹개발자,아이티키 서울 금천구,"연봉 25,000,000원 - 30,000,000원",우대 컴퓨터/시스템공학 우대 공학계열 우대 ITKey (주)아이티키 JAVA 신입 웹개발자 채용 모집부문 및 자격요건 담당업무 자격요건 인원 -프로그... 웹프로그래머>웹개발|인터넷·IT·통신·모바일·게임>웹프로그래머> JAVA
http://kr.indeed.com/viewjob?jk=7167a9017f74cb92,프로그래머 신입/경력 정규직,스타플러스 서울 서초구,,Python|인터넷·IT·통신·모바일·게임>웹프로그래머>웹개발|인터넷·IT·통신·모바일·게임>웹프로그래머> JAVA|인터넷·IT·통신·모바일·게임>응용프로그래머>홀로그램|인터넷·IT·통신·모바일·게임>응용프로그래머>C·C++...
http://kr.indeed.com/viewjob?jk=7af64be2575caa06,넷크루즈 전 부문 경력직,넷크루즈 서울 구로구,,솔루션 제품 개발 나. 경력 : 대리 이상자 다. 인원 : 3명 가. Java 능숙자 나. Go 능숙자 다. Python 능숙자 라. 분산 처리 능숙... 통신·모바일·게임>응용프로그래머> JAVA|인터넷·IT·통신·모바일·게임...
http://kr.indeed.com/viewjob?jk=d9b1ced59d7f89b6,[강소기업/아이투맥스] Java/Server 개발자 경력직,아이투맥스 서울 마포구,,통신·모바일·게임>웹프로그래머> JAVA|인터넷·IT·통신·모바일·게임>웹프... 응용프로그래머>C·C++|인터넷·IT·통신·모바일·게임>응용프로그래머> JAVA|인터넷·IT·통신·모바일·게임>응용프로그래머>C#|인터넷·IT·통신...
http://kr.indeed.com/viewjob?jk=4b7cb35e8992cca1,2021년 Oracle/Java·JSP/Ajax/Java 신입,제스트씨엔에스 서울 구로구,"연봉 25,000,000원 - 30,000,000원",001 인터넷·IT·통신·모바일·게임>웹프로그래머> JAVA|인터넷·IT·통신·모바일·게임>웹프로그래머>JSP|인터넷·IT·통신·모바일·게임>응용프로그래머> JAVA|인터넷·IT·통신·모바일·게임>응용프로그래머>자바스크립트
http://kr.indeed.com/viewjob?jk=957b9bde11462dce,"웹개발, JAVA 외 경력 정규직, 계약직",오에스씨코리아이카이카 서울 서초구,,(주)오에스씨코리아 Java 개발 & 설계 전문가 채용 모집부문 및 자격요건 담당업무 자격요건 인원 [담당업무] ▣ Java Front-end... 분 > 5년이상의 실무 경험 > Java Front-end or Back...
http://kr.indeed.com/viewjob?jk=34aa73444326ccb4,[기술부문/QA] 티맥스그룹 2021년 상반기 특별 (신입 및 경력),티맥스소프트 성남 분당구,,"대한 이해도 보유자 ㆍ 관련 전공자 우대 ㆍ 관련 교육 또는 업무 유경험자 우대 [상세] ㆍ 보유기술: Java, python, RDB, NoSQL, OS(linux), Selenium, docker, Kubernetis..."
http://kr.indeed.com/viewjob?jk=7d6481059ddcd830,JAVA 시스템 및 웹 개발자 (SI/SM 분야),디지털원 서울 금천구,,집부문 및 상세내용 [모집부문] JAVA 시스템 및 웹 개발자 (SI/SM... 자 * 청년디지털일자리사업 참여 가능 자 JAVA 시스템 및 웹 개발자 (SI/SM)[담당업무]ㆍ JAVA 시스템 및 웹 개발 / 운영[지원자격]ㆍ경력...
http://kr.indeed.com/viewjob?jk=ba3e1662594824e2,"경력사원 (웹개발, 해외영업, 생산관리)",효성첨단소재 대한민국,,"이상(전공무관) 3) 어학: 무관 4) 기타: HTML, CSS, Javascript 구현 가능자 Java, Node.js 등 Back-end 프로그래밍 가능자 생산&업무지원시스템 웹/모바일 개발 경험자 우대 타이..."
http://kr.indeed.com/viewjob?jk=29e80c7685907ed5,"프론트엔드, 백엔드, Java·JSP 신입,경력사원",틴텍씨앤씨 서울 강서구,,"end 개발자 ※필수 - Java, Springboot, Spring... 에 대한 기본지식 보유 [경력] Back-end 개발자 ※필수 - Java, Springboot, Spring-framework 이용 개발가능..."
http://kr.indeed.com/viewjob?jk=3557014266ec3c00,가톨릭대학교 정규직 직원(일반직/기술직) 모집공고,카톨릭 대학교 4.0 대한민국,,"능력 우수자 전산개발 명 <지원자격> - 웹 개발 5년 이상 - Full-stack 개발 가능자 - JAVA Spring(Boot) framework 사용 가능자 - DBMS(MSSQL,MySQL,Oracle) 사용..."
http://kr.indeed.com/viewjob?jk=3624fb0b92d3955f,ITO/IDC 시스템 운영 경력사원 채용,한화그룹 4.2 서울,,경험 보유 0명 서울 여의도 '1:1 문의하기' 등록 공사관리 시스템( Java) 개발 및 운영 [업무내용] 건설 계열사 공사 관리 시스템 운영 및... 전체 안정성 관리 [자격요건] Java Framework 기반 웹 개발...
http://kr.indeed.com/viewjob?jk=f95c15f488ce8463,"웹 프론트엔드 개발자(HTML, CSS, Java 등)",한국인사이트연구소 서울 서초구,,"이해 한국인사이트연구소(주) 웹 프론트엔드 개발자(HTML, CSS, Java 등) 채용 모집부문 및 자격요건 담당업무 자격요건 인원 [담당업무]ㆍ웹... 통신·모바일·게임>웹프로그래머> JAVA|인터넷·IT·통신·모바일·게임>웹프..."
http://kr.indeed.com/viewjob?jk=b8d7314b4e954f39,[R&D부문/UX/UI개발] 티맥스그룹 2021년 상반기 특별 (신입 및...,티맥스소프트 성남 분당구,,"ㆍ Golang, JS, Java 프로그래밍 유경험자 ㆍ Kubernetes 및 VM 환경 관리 유경험자 ㆍ 서버 인프라 관리 유경험자 [프론트 및 백엔드 상세] ㆍ Golang, JS, Java 프로그래밍 유경험자 ㆍ..."
http://kr.indeed.com/viewjob?jk=4698c0e2364b5576,[넥슨·엔씨소프트등] 자바·파이썬 응용SW 개발자 양성교육 · 동종업계...,한국직업전문학교 서울 구로구,,통신·모바일·게임>응용프로그래머> JAVA|인터넷·IT·통신·모바일·게임... 로그래머>머신러닝(ML)|인터넷·IT·통신·모바일·게임>웹프로그래머> JAVA|인터넷·IT·통신·모바일·게임>웹프로그래머>Python|인터넷·IT·통신...
http://kr.indeed.com/viewjob?jk=8a2f1c0c95d5f4a8,[인턴] 물류 IT전문기업 이앤씨지엘에스,이앤씨지엘에스 성남 분당구,,응용프로그래머>자바스크립트|인터넷·IT·통신·모바일·게임>응용프로그래머>Android|인터넷·IT·통신·모바일·게임>응용프로그래머> JAVA|유통·물류·운송·운전>운송·물류>물류관리|유통·물류·운송·운전>운송·물류>창고관리
http://kr.indeed.com/viewjob?jk=58878c3d55e73124,[KSTEC] SW 프로그래머 신입 및 경력사원,지식시스템 성남 분당구,,통신·모바일·게임>웹프로그래머> JAVA|인터넷·IT·통신·모바일·게임>웹프로그래머>JSP|인터넷·IT·통신·모바일·게임>응용프로그래머>C·C++|인터넷·IT·통신·모바일·게임>응용프로그래머> JAVA|인터넷·IT·통신·모바일...
http://kr.indeed.com/viewjob?jk=b8f86919183b92cc,[금호타이어] 2021년 6월 상시,금호타이어 서울 종로구,,경력 Web개발 Java기반 Web Application 개발/운영 [필수요건] 4년제 대학 IT관련 학과 졸업 Java 기반 Application... 그래머> JAVA|인터넷·IT·통신·모바일·게임>웹프로그래머> JAVA|인터넷...
http://kr.indeed.com/viewjob?jk=35a55f1a038a1213,JAVA 신입/경력 개발자,위쉬정보기술 서울 구로구,,"위쉬정보기술(주) JAVA,JSP 개발/운영 신입/경력사원 모집 모집부문 및 자격요건 모집분야 및 자격요건 모집분야 담당업무 자격요건 모집인원 대법원 개발 인터넷·IT·통신·모바일·게임>응용프로그래머> JAVA|인터넷·IT·통신..."
http://kr.indeed.com/viewjob?jk=d2e4741d91acf622,"2021년 상반기 JAVA 개발 경력자 JSP, SCJP 경력 정규직",티씨씨아이엔에스 서울 영등포구,,"자격요건 담당업무 자격요건 인원 JAVA Core Programing 개발자( java IO, Network, Thread) DBMS 연동 Spring 또는 Strut 기반의 JSP 개발 가능자 SQL 작성 및 사용 JAVA..."
http://kr.indeed.com/viewjob?jk=058c1f858887b98c,2021년 하반기 JAVA 웹개발자 신입사원 교육(연봉3200만원),중앙에이치티에이 서울 종로구,"연봉 28,000,000원 - 30,000,000원","전형절차 1차 서류전형 2차 면접전형차 실무자면접 제출서류 이력서 및 자기소개서 직무/산업 직무별(직종) 웹프로그래머JSP, JAVA 응용프로그래머 Java 게임기획.개발.운영 Java게임, 게임개발 산업별(업종) 학교 교육기관"
http://kr.indeed.com/viewjob?jk=c9c7e605080ef955,JAVA 웹개발(웹GIS) 사원,이안에스아이티 인천 연수구,"연봉 27,000,000원","호(인천스타트업파크, 인스타1) 인근지하철 직무내용 [스마트혁신기업 청년개용] - JAVA 웹개발(스프링), WEB GIS, JAVA, JSP, J-SCRIPT - 09:00~18:00/주5일근무 - 연봉:2700만원이상..."
http://kr.indeed.com/viewjob?jk=dd66092952b0cd35,"JAVA, 웹개발 외 경력 정규직",에임즈인터내셔널코리아 서울 서초구,"연봉 40,000,000원 - 50,000,000원","Family Day(매주 수요일), Casual Day(매주 금요일) 인터넷·IT·통신·모바일·게임>웹프로그래머> JAVA|인터넷·IT·통신·모바일·게임>웹프로그래머>웹개발|인터넷·IT·통신·모바일·게임>웹프로그래머>HTML..."
http://kr.indeed.com/viewjob?jk=d69951943cd01fae,국내캐피탈사 IT개발,제이엔커리어 서울 강남구,,"시스템 운영 및 개발 경험자 - JAVA, Spring구조 개발 경험자(2... 실이 있을 경우 채용이 취소될 수 있습니다. 인터넷·IT·통신·모바일·게임>웹프로그래머> JAVA|인터넷·IT·통신·모바일·게임>응용프로그래머> JAVA"
http://kr.indeed.com/viewjob?jk=2743535f3f3e3eef,(주)엠앤와이즈 JAVA/웹 개발자 (신입/경력),엠앤와이즈 서울 구로구,,"- 정보처리(산업)기사 - JAVA/웹/Spring framework 유경험자... 호회 운영, 야간교통비지급, 연차, 여름휴가 등 인터넷·IT·통신·모바일·게임>웹프로그래머> JAVA|인터넷·IT·통신·모바일·게임>웹프로그래머>웹개발"
http://kr.indeed.com/viewjob?jk=babd416604674640,DX(Digital Transformation)분야 경력사원 (법인Sta...,LG화학 서울특별시,,"로세스에 대한 높은 이해 - 데이터 관련 플랫폼 기술에 대한 높은 이해 - R, Python, C/C++, Java 등 프로그래밍 언어 이해 경력사항 (관련 경력 3년 이상) - AI/Bigdata Platform 개발 프로..."
